timestamp,materialId,materialName,siteId,siteName,expectedConsumption,actualConsumption,deviation,hourOfDay,dayOfWeek,weather,projectType,siteActivityLevel,isAnomaly,anomalyType,anomalySeverity
2026-04-21T08:20:21.321Z,69f022c79cb4e820b5bc9a9d,Peinture blanche,69efc16263a6c9c6e982a526,Chantier Ouest,20,21,5.00,9,2,sunny,commercial,high,0,NONE,NONE
2026-04-10T02:20:21.321Z,69f031bcc67db8b9022c9624,Ciment Portland,69efdc2dd39de32596f6036a,Chantier Ouest,0,0,0,3,5,cloudy,residential,medium,0,NONE,NONE
2026-04-20T14:20:21.321Z,69f031bcc67db8b9022c9624,Ciment Portland,69efdc2dd39de32596f6036a,Chantier Ouest,45,46,2.22,15,1,stormy,residential,high,0,NONE,NONE
2026-04-01T14:20:21.321Z,69f07a63c9b44023facc9bbe,Ciment Portland,69efe130d39de32596f603bf,Chantier Ouest,12,12,0.00,15,3,snowy,residential,medium,0,NONE,NONE
2026-04-04T08:20:21.321Z,69f022c79cb4e820b5bc9a9d,Peinture blanche,69efc16263a6c9c6e982a526,Chantier Nord,5,5,0.00,9,6,snowy,industrial,low,0,NONE,NONE
2026-04-14T20:20:21.321Z,69f07a63c9b44023facc9bbe,Ciment Portland,69efe130d39de32596f603bf,Chantier Sud,0,0,0,21,2,rainy,commercial,low,0,NONE,NONE
2026-04-01T18:20:21.321Z,69f022c79cb4e820b5bc9a9d,Peinture blanche,69efc16263a6c9c6e982a526,Chantier Est,0,0,0,19,3,snowy,industrial,medium,0,NONE,NONE
2026-04-22T01:20:21.321Z,69f022c79cb4e820b5bc9a9d,Peinture blanche,69efc16263a6c9c6e982a526,Chantier Est,0,0,0,2,3,stormy,commercial,high,0,NONE,NONE
2026-04-30T13:20:21.321Z,69f031bcc67db8b9022c9624,Ciment Portland,69efdc2dd39de32596f6036a,Chantier Est,39,39,0.00,14,4,sunny,residential,high,0,NONE,NONE
2026-04-25T01:20:21.321Z,69f031bcc67db8b9022c9624,Ciment Portland,69efdc2dd39de32596f6036a,Chantier Est,0,0,0,2,6,stormy,industrial,low,0,NONE,NONE
2026-04-11T05:20:21.321Z,69f09b50e12798f23bf60dce,brique,69ec5d482dbc5c87161f8072,Chantier Ouest,0,0,0,6,6,sunny,industrial,medium,0,NONE,NONE
2026-04-09T09:20:21.321Z,69f09b50e12798f23bf60dce,brique,69ec5d482dbc5c87161f8072,Chantier Ouest,10,9,-10.00,10,4,stormy,industrial,medium,0,NONE,NONE
2026-04-13T19:20:21.321Z,69f09b50e12798f23bf60dce,brique,69ec5d482dbc5c87161f8072,Chantier Sud,0,0,0,20,1,stormy,residential,medium,0,NONE,NONE
2026-04-08T07:20:21.321Z,69f022c79cb4e820b5bc9a9d,Peinture blanche,69efc16263a6c9c6e982a526,Chantier Nord,5,5,0.00,8,3,cloudy,commercial,low,0,NONE,NONE
2026-04-28T22:20:21.321Z,69f09b50e12798f23bf60dce,brique,69ec5d482dbc5c87161f8072,Chantier Nord,0,0,0,23,2,cloudy,commercial,high,0,NONE,NONE
2026-04-01T17:20:21.321Z,69f031bcc67db8b9022c9624,Ciment Portland,69efdc2dd39de32596f6036a,Chantier Est,35,34,-2.86,18,3,rainy,residential,high,0,NONE,NONE
2026-04-03T12:20:21.321Z,69f07a63c9b44023facc9bbe,Ciment Portland,69efe130d39de32596f603bf,Chantier Nord,4,3,-25.00,13,5,snowy,commercial,low,0,NONE,NONE
2026-04-02T00:20:21.321Z,69f07a63c9b44023facc9bbe,Ciment Portland,69efe130d39de32596f603bf,Chantier Sud,0,0,0,1,4,windy,residential,medium,0,NONE,NONE
2026-04-24T19:20:21.321Z,69f1cffc279d04321079f0ca,tractorghij,69efc16263a6c9c6e982a526,Chantier Sud,0,0,0,20,5,windy,residential,low,0,NONE,NONE
2026-04-05T22:20:21.321Z,69f022c79cb4e820b5bc9a9d,Peinture blanche,69efc16263a6c9c6e982a526,Chantier Ouest,0,0,0,23,0,rainy,residential,medium,0,NONE,NONE
2026-04-21T14:20:21.321Z,69f09b50e12798f23bf60dce,brique,69ec5d482dbc5c87161f8072,Chantier Est,3,2,-33.33,15,2,snowy,residential,low,0,NONE,NONE
2026-04-10T11:20:21.321Z,69f07a63c9b44023facc9bbe,Ciment Portland,69efe130d39de32596f603bf,Chantier Ouest,23,25,8.70,12,5,rainy,commercial,medium,0,NONE,NONE
2026-04-15T18:20:21.321Z,69f07a63c9b44023facc9bbe,Ciment Portland,69efe130d39de32596f603bf,Chantier Sud,0,0,0,19,3,rainy,residential,low,0,NONE,NONE
2026-04-04T22:20:21.321Z,69f031bcc67db8b9022c9624,Ciment Portland,69efdc2dd39de32596f6036a,Chantier Centre,0,0,0,23,6,stormy,residential,medium,1,OVER_CONSUMPTION,LOW
2026-04-19T12:20:21.321Z,69f031bcc67db8b9022c9624,Ciment Portland,69efdc2dd39de32596f6036a,Chantier Sud,3,3,0.00,13,0,windy,industrial,low,0,NONE,NONE
2026-04-15T21:20:21.321Z,69f07a63c9b44023facc9bbe,Ciment Portland,69efe130d39de32596f603bf,Chantier Sud,0,0,0,22,3,cloudy,commercial,medium,1,OVER_CONSUMPTION,LOW
2026-04-02T21:20:21.321Z,69f031bcc67db8b9022c9624,Ciment Portland,69efdc2dd39de32596f6036a,Chantier Nord,0,0,0,22,4,cloudy,commercial,medium,0,NONE,NONE
2026-04-22T22:20:21.321Z,69f07a63c9b44023facc9bbe,Ciment Portland,69efe130d39de32596f603bf,Chantier Ouest,0,0,0,23,3,sunny,residential,low,0,NONE,NONE
2026-04-18T10:20:21.321Z,69f022c79cb4e820b5bc9a9d,Peinture blanche,69efc16263a6c9c6e982a526,Chantier Nord,24,32,33.33,11,6,snowy,residential,high,1,OVER_CONSUMPTION,LOW
2026-04-09T05:20:21.321Z,69f1cffc279d04321079f0ca,tractorghij,69efc16263a6c9c6e982a526,Chantier Nord,0,0,0,6,4,snowy,commercial,medium,0,NONE,NONE
2026-04-22T09:20:21.321Z,69f031bcc67db8b9022c9624,Ciment Portland,69efdc2dd39de32596f6036a,Chantier Ouest,26,52,100.00,10,3,snowy,commercial,high,1,THEFT,MEDIUM
2026-04-22T12:20:21.321Z,69f022c79cb4e820b5bc9a9d,Peinture blanche,69efc16263a6c9c6e982a526,Chantier Ouest,3,2,-33.33,13,3,snowy,residential,low,0,NONE,NONE
2026-04-06T00:20:21.321Z,69f031bcc67db8b9022c9624,Ciment Portland,69efdc2dd39de32596f6036a,Chantier Est,0,0,0,1,1,stormy,residential,medium,0,NONE,NONE
2026-04-02T04:20:21.321Z,69f07a63c9b44023facc9bbe,Ciment Portland,69efe130d39de32596f603bf,Chantier Sud,0,0,0,5,4,sunny,industrial,low,0,NONE,NONE
2026-04-01T19:20:21.321Z,69f022c79cb4e820b5bc9a9d,Peinture blanche,69efc16263a6c9c6e982a526,Chantier Ouest,0,0,0,20,3,sunny,industrial,low,0,NONE,NONE
2026-04-01T17:20:21.321Z,69f09b50e12798f23bf60dce,brique,69ec5d482dbc5c87161f8072,Chantier Centre,21,21,0.00,18,3,rainy,residential,medium,0,NONE,NONE
2026-04-28T14:20:21.321Z,69f031bcc67db8b9022c9624,Ciment Portland,69efdc2dd39de32596f6036a,Chantier Nord,40,43,7.50,15,2,windy,commercial,high,0,NONE,NONE
2026-04-30T21:20:21.321Z,69f07a63c9b44023facc9bbe,Ciment Portland,69efe130d39de32596f603bf,Chantier Est,0,0,0,22,4,windy,industrial,low,0,NONE,NONE
2026-04-26T03:20:21.321Z,69f022c79cb4e820b5bc9a9d,Peinture blanche,69efc16263a6c9c6e982a526,Chantier Ouest,0,0,0,4,0,snowy,residential,medium,0,NONE,NONE
2026-04-06T08:20:21.321Z,69f1cffc279d04321079f0ca,tractorghij,69efc16263a6c9c6e982a526,Chantier Ouest,6,8,33.33,9,1,sunny,residential,low,1,OVER_CONSUMPTION,LOW
2026-04-23T12:20:21.321Z,69f07a63c9b44023facc9bbe,Ciment Portland,69efe130d39de32596f603bf,Chantier Sud,4,3,-25.00,13,4,sunny,residential,low,0,NONE,NONE
2026-04-25T03:20:21.321Z,69f031bcc67db8b9022c9624,Ciment Portland,69efdc2dd39de32596f6036a,Chantier Est,0,0,0,4,6,cloudy,residential,low,0,NONE,NONE
2026-04-03T20:20:21.321Z,69f022c79cb4e820b5bc9a9d,Peinture blanche,69efc16263a6c9c6e982a526,Chantier Ouest,0,0,0,21,5,windy,industrial,medium,0,NONE,NONE
2026-04-16T08:20:21.321Z,69f09b50e12798f23bf60dce,brique,69ec5d482dbc5c87161f8072,Chantier Sud,4,9,125.00,9,4,cloudy,industrial,low,1,THEFT,MEDIUM
2026-04-08T18:20:21.321Z,69f09b50e12798f23bf60dce,brique,69ec5d482dbc5c87161f8072,Chantier Nord,0,0,0,19,3,stormy,industrial,high,0,NONE,NONE
2026-04-10T23:20:21.321Z,69f1cffc279d04321079f0ca,tractorghij,69efc16263a6c9c6e982a526,Chantier Nord,0,0,0,0,6,windy,commercial,high,0,NONE,NONE
2026-04-14T15:20:21.321Z,69f09b50e12798f23bf60dce,brique,69ec5d482dbc5c87161f8072,Chantier Ouest,5,4,-20.00,16,2,snowy,industrial,low,0,NONE,NONE
2026-04-08T18:20:21.321Z,69f09b50e12798f23bf60dce,brique,69ec5d482dbc5c87161f8072,Chantier Nord,0,0,0,19,3,rainy,commercial,low,0,NONE,NONE
2026-04-21T21:20:21.321Z,69f1cffc279d04321079f0ca,tractorghij,69efc16263a6c9c6e982a526,Chantier Centre,0,0,0,22,2,rainy,industrial,medium,0,NONE,NONE
2026-04-26T05:20:21.321Z,69f07a63c9b44023facc9bbe,Ciment Portland,69efe130d39de32596f603bf,Chantier Est,0,0,0,6,0,snowy,residential,high,0,NONE,NONE
2026-04-20T19:20:21.321Z,69f1cffc279d04321079f0ca,tractorghij,69efc16263a6c9c6e982a526,Chantier Centre,0,0,0,20,1,stormy,commercial,high,0,NONE,NONE
2026-04-22T08:20:21.321Z,69f031bcc67db8b9022c9624,Ciment Portland,69efdc2dd39de32596f6036a,Chantier Ouest,46,103,123.91,9,3,rainy,commercial,high,1,THEFT,MEDIUM
2026-04-01T13:20:21.321Z,69f031bcc67db8b9022c9624,Ciment Portland,69efdc2dd39de32596f6036a,Chantier Centre,47,49,4.26,14,3,sunny,residential,high,0,NONE,NONE
2026-04-28T18:20:21.321Z,69f1cffc279d04321079f0ca,tractorghij,69efc16263a6c9c6e982a526,Chantier Sud,0,0,0,19,2,snowy,industrial,high,1,THEFT,MEDIUM
2026-04-21T03:20:21.321Z,69f07a63c9b44023facc9bbe,Ciment Portland,69efe130d39de32596f603bf,Chantier Centre,0,0,0,4,2,stormy,commercial,medium,0,NONE,NONE
2026-04-17T10:20:21.321Z,69f022c79cb4e820b5bc9a9d,Peinture blanche,69efc16263a6c9c6e982a526,Chantier Est,48,119,147.92,11,5,rainy,commercial,high,1,THEFT,MEDIUM
2026-04-12T00:20:21.321Z,69f022c79cb4e820b5bc9a9d,Peinture blanche,69efc16263a6c9c6e982a526,Chantier Sud,0,0,0,1,0,windy,commercial,high,0,NONE,NONE
2026-04-06T19:20:21.321Z,69f1cffc279d04321079f0ca,tractorghij,69efc16263a6c9c6e982a526,Chantier Centre,0,0,0,20,1,sunny,residential,high,0,NONE,NONE
2026-04-17T19:20:21.321Z,69f1cffc279d04321079f0ca,tractorghij,69efc16263a6c9c6e982a526,Chantier Centre,0,0,0,20,5,windy,industrial,medium,0,NONE,NONE
2026-04-27T03:20:21.321Z,69f031bcc67db8b9022c9624,Ciment Portland,69efdc2dd39de32596f6036a,Chantier Centre,0,0,0,4,1,sunny,industrial,high,0,NONE,NONE
2026-04-27T16:20:21.321Z,69f1cffc279d04321079f0ca,tractorghij,69efc16263a6c9c6e982a526,Chantier Nord,24,23,-4.17,17,1,stormy,industrial,medium,0,NONE,NONE
2026-04-17T23:20:21.321Z,69f1cffc279d04321079f0ca,tractorghij,69efc16263a6c9c6e982a526,Chantier Sud,0,0,0,0,6,sunny,residential,medium,0,NONE,NONE
2026-04-12T17:20:21.321Z,69f031bcc67db8b9022c9624,Ciment Portland,69efdc2dd39de32596f6036a,Chantier Ouest,18,17,-5.56,18,0,snowy,industrial,medium,0,NONE,NONE
2026-04-07T18:20:21.321Z,69f031bcc67db8b9022c9624,Ciment Portland,69efdc2dd39de32596f6036a,Chantier Sud,0,0,0,19,2,cloudy,residential,high,0,NONE,NONE
2026-04-10T13:20:21.321Z,69f022c79cb4e820b5bc9a9d,Peinture blanche,69efc16263a6c9c6e982a526,Chantier Centre,21,22,4.76,14,5,rainy,industrial,medium,0,NONE,NONE
2026-04-07T20:20:21.321Z,69f1cffc279d04321079f0ca,tractorghij,69efc16263a6c9c6e982a526,Chantier Nord,0,0,0,21,2,stormy,residential,high,0,NONE,NONE
2026-04-08T01:20:21.321Z,69f022c79cb4e820b5bc9a9d,Peinture blanche,69efc16263a6c9c6e982a526,Chantier Centre,0,0,0,2,3,stormy,residential,high,0,NONE,NONE
2026-04-01T06:20:21.321Z,69f07a63c9b44023facc9bbe,Ciment Portland,69efe130d39de32596f603bf,Chantier Centre,6,6,0.00,7,3,cloudy,industrial,low,0,NONE,NONE
2026-04-15T22:20:21.321Z,69f1cffc279d04321079f0ca,tractorghij,69efc16263a6c9c6e982a526,Chantier Est,0,0,0,23,3,windy,industrial,high,0,NONE,NONE
2026-04-16T03:20:21.321Z,69f1cffc279d04321079f0ca,tractorghij,69efc16263a6c9c6e982a526,Chantier Nord,0,0,0,4,4,windy,commercial,high,0,NONE,NONE
2026-04-24T03:20:21.321Z,69f1cffc279d04321079f0ca,tractorghij,69efc16263a6c9c6e982a526,Chantier Centre,0,0,0,4,5,stormy,commercial,low,0,NONE,NONE
2026-04-12T19:20:21.321Z,69f07a63c9b44023facc9bbe,Ciment Portland,69efe130d39de32596f603bf,Chantier Nord,0,0,0,20,0,stormy,commercial,medium,0,NONE,NONE
2026-04-18T14:20:21.321Z,69f022c79cb4e820b5bc9a9d,Peinture blanche,69efc16263a6c9c6e982a526,Chantier Nord,11,10,-9.09,15,6,snowy,residential,medium,0,NONE,NONE
2026-04-26T16:20:21.321Z,69f09b50e12798f23bf60dce,brique,69ec5d482dbc5c87161f8072,Chantier Ouest,17,18,5.88,17,0,stormy,industrial,medium,0,NONE,NONE
2026-04-17T15:20:21.321Z,69f07a63c9b44023facc9bbe,Ciment Portland,69efe130d39de32596f603bf,Chantier Nord,23,23,0.00,16,5,cloudy,industrial,medium,0,NONE,NONE
2026-04-21T01:20:21.321Z,69f022c79cb4e820b5bc9a9d,Peinture blanche,69efc16263a6c9c6e982a526,Chantier Est,0,0,0,2,2,snowy,industrial,low,0,NONE,NONE
2026-04-23T06:20:21.321Z,69f07a63c9b44023facc9bbe,Ciment Portland,69efe130d39de32596f603bf,Chantier Centre,10,9,-10.00,7,4,stormy,industrial,medium,0,NONE,NONE
2026-04-15T22:20:21.321Z,69f1cffc279d04321079f0ca,tractorghij,69efc16263a6c9c6e982a526,Chantier Centre,0,0,0,23,3,rainy,residential,low,1,THEFT,MEDIUM
2026-04-11T23:20:21.321Z,69f1cffc279d04321079f0ca,tractorghij,69efc16263a6c9c6e982a526,Chantier Nord,0,0,0,0,0,rainy,residential,high,0,NONE,NONE
2026-04-01T00:20:21.321Z,69f031bcc67db8b9022c9624,Ciment Portland,69efdc2dd39de32596f6036a,Chantier Centre,0,0,0,1,3,snowy,residential,medium,0,NONE,NONE
2026-04-23T21:20:21.321Z,69f1cffc279d04321079f0ca,tractorghij,69efc16263a6c9c6e982a526,Chantier Est,0,0,0,22,4,sunny,commercial,medium,0,NONE,NONE
2026-04-22T12:20:21.321Z,69f022c79cb4e820b5bc9a9d,Peinture blanche,69efc16263a6c9c6e982a526,Chantier Ouest,6,6,0.00,13,3,stormy,residential,low,0,NONE,NONE
2026-04-16T05:20:21.321Z,69f09b50e12798f23bf60dce,brique,69ec5d482dbc5c87161f8072,Chantier Centre,0,0,0,6,4,stormy,industrial,high,0,NONE,NONE
2026-04-25T12:20:21.321Z,69f07a63c9b44023facc9bbe,Ciment Portland,69efe130d39de32596f603bf,Chantier Sud,24,31,29.17,13,6,sunny,industrial,medium,1,OVER_CONSUMPTION,LOW
2026-04-10T09:20:21.321Z,69f1cffc279d04321079f0ca,tractorghij,69efc16263a6c9c6e982a526,Chantier Centre,12,12,0.00,10,5,cloudy,residential,medium,0,NONE,NONE
2026-04-05T19:20:21.321Z,69f022c79cb4e820b5bc9a9d,Peinture blanche,69efc16263a6c9c6e982a526,Chantier Est,0,0,0,20,0,rainy,commercial,low,1,OVER_CONSUMPTION,LOW
2026-04-28T21:20:21.321Z,69f031bcc67db8b9022c9624,Ciment Portland,69efdc2dd39de32596f6036a,Chantier Sud,0,0,0,22,2,stormy,commercial,medium,1,WASTE,MEDIUM
2026-04-09T02:20:21.321Z,69f09b50e12798f23bf60dce,brique,69ec5d482dbc5c87161f8072,Chantier Nord,0,0,0,3,4,rainy,industrial,medium,1,OVER_CONSUMPTION,LOW
2026-04-01T20:20:21.321Z,69f1cffc279d04321079f0ca,tractorghij,69efc16263a6c9c6e982a526,Chantier Sud,0,0,0,21,3,sunny,commercial,high,1,THEFT,MEDIUM
2026-04-21T10:20:21.321Z,69f022c79cb4e820b5bc9a9d,Peinture blanche,69efc16263a6c9c6e982a526,Chantier Nord,35,37,5.71,11,2,snowy,industrial,high,0,NONE,NONE
2026-04-17T13:20:21.321Z,69f031bcc67db8b9022c9624,Ciment Portland,69efdc2dd39de32596f6036a,Chantier Centre,43,59,37.21,14,5,sunny,residential,high,1,OVER_CONSUMPTION,LOW
2026-04-21T13:20:21.321Z,69f1cffc279d04321079f0ca,tractorghij,69efc16263a6c9c6e982a526,Chantier Est,11,10,-9.09,14,2,stormy,industrial,medium,0,NONE,NONE
2026-04-26T22:20:21.321Z,69f031bcc67db8b9022c9624,Ciment Portland,69efdc2dd39de32596f6036a,Chantier Est,0,0,0,23,0,cloudy,industrial,high,0,NONE,NONE
2026-04-08T20:20:21.321Z,69f022c79cb4e820b5bc9a9d,Peinture blanche,69efc16263a6c9c6e982a526,Chantier Est,0,0,0,21,3,windy,residential,low,0,NONE,NONE
2026-04-26T05:20:21.321Z,69f1cffc279d04321079f0ca,tractorghij,69efc16263a6c9c6e982a526,Chantier Est,0,0,0,6,0,cloudy,residential,medium,0,NONE,NONE
2026-04-24T18:20:21.321Z,69f09b50e12798f23bf60dce,brique,69ec5d482dbc5c87161f8072,Chantier Centre,0,0,0,19,5,sunny,residential,low,0,NONE,NONE
2026-04-13T17:20:21.321Z,69f031bcc67db8b9022c9624,Ciment Portland,69efdc2dd39de32596f6036a,Chantier Centre,17,16,-5.88,18,1,windy,commercial,medium,0,NONE,NONE
2026-04-14T14:20:21.321Z,69f031bcc67db8b9022c9624,Ciment Portland,69efdc2dd39de32596f6036a,Chantier Nord,4,4,0.00,15,2,stormy,commercial,low,0,NONE,NONE
2026-04-21T14:20:21.321Z,69f1cffc279d04321079f0ca,tractorghij,69efc16263a6c9c6e982a526,Chantier Ouest,5,4,-20.00,15,2,sunny,residential,low,0,NONE,NONE
2026-04-08T03:20:21.321Z,69f09b50e12798f23bf60dce,brique,69ec5d482dbc5c87161f8072,Chantier Nord,0,0,0,4,3,rainy,industrial,high,1,OVER_CONSUMPTION,LOW
2026-04-20T22:20:21.321Z,69f022c79cb4e820b5bc9a9d,Peinture blanche,69efc16263a6c9c6e982a526,Chantier Nord,0,0,0,23,1,cloudy,commercial,high,0,NONE,NONE
2026-04-21T09:20:21.321Z,69f09b50e12798f23bf60dce,brique,69ec5d482dbc5c87161f8072,Chantier Ouest,5,4,-20.00,10,2,snowy,industrial,low,0,NONE,NONE
2026-04-27T09:20:21.321Z,69f031bcc67db8b9022c9624,Ciment Portland,69efdc2dd39de32596f6036a,Chantier Est,6,5,-16.67,10,1,windy,residential,low,0,NONE,NONE
2026-04-21T04:20:21.321Z,69f031bcc67db8b9022c9624,Ciment Portland,69efdc2dd39de32596f6036a,Chantier Nord,0,0,0,5,2,rainy,residential,medium,0,NONE,NONE
2026-04-04T04:20:21.321Z,69f031bcc67db8b9022c9624,Ciment Portland,69efdc2dd39de32596f6036a,Chantier Sud,0,0,0,5,6,rainy,residential,high,0,NONE,NONE
2026-04-06T03:20:21.321Z,69f07a63c9b44023facc9bbe,Ciment Portland,69efe130d39de32596f603bf,Chantier Ouest,0,0,0,4,1,windy,commercial,low,0,NONE,NONE
2026-04-13T07:20:21.321Z,69f1cffc279d04321079f0ca,tractorghij,69efc16263a6c9c6e982a526,Chantier Nord,12,12,0.00,8,1,stormy,commercial,medium,0,NONE,NONE
2026-04-14T06:20:21.321Z,69f07a63c9b44023facc9bbe,Ciment Portland,69efe130d39de32596f603bf,Chantier Est,30,29,-3.33,7,2,snowy,industrial,high,0,NONE,NONE
2026-04-04T20:20:21.321Z,69f07a63c9b44023facc9bbe,Ciment Portland,69efe130d39de32596f603bf,Chantier Nord,0,0,0,21,6,stormy,commercial,high,0,NONE,NONE
2026-04-13T14:20:21.321Z,69f09b50e12798f23bf60dce,brique,69ec5d482dbc5c87161f8072,Chantier Centre,31,28,-9.68,15,1,cloudy,residential,high,0,NONE,NONE
2026-04-02T00:20:21.321Z,69f022c79cb4e820b5bc9a9d,Peinture blanche,69efc16263a6c9c6e982a526,Chantier Sud,0,0,0,1,4,rainy,industrial,high,0,NONE,NONE
2026-04-05T12:20:21.321Z,69f022c79cb4e820b5bc9a9d,Peinture blanche,69efc16263a6c9c6e982a526,Chantier Centre,20,48,140.00,13,0,sunny,industrial,medium,1,THEFT,MEDIUM
2026-04-20T14:20:21.321Z,69f07a63c9b44023facc9bbe,Ciment Portland,69efe130d39de32596f603bf,Chantier Centre,4,4,0.00,15,1,stormy,residential,low,0,NONE,NONE
2026-04-09T19:20:21.321Z,69f031bcc67db8b9022c9624,Ciment Portland,69efdc2dd39de32596f6036a,Chantier Nord,0,0,0,20,4,rainy,residential,medium,0,NONE,NONE
2026-04-09T15:20:21.321Z,69f022c79cb4e820b5bc9a9d,Peinture blanche,69efc16263a6c9c6e982a526,Chantier Nord,13,22,69.23,16,4,sunny,residential,medium,1,WASTE,MEDIUM
2026-04-06T13:20:21.321Z,69f07a63c9b44023facc9bbe,Ciment Portland,69efe130d39de32596f603bf,Chantier Est,18,39,116.67,14,1,sunny,residential,medium,1,THEFT,MEDIUM
2026-04-23T11:20:21.321Z,69f09b50e12798f23bf60dce,brique,69ec5d482dbc5c87161f8072,Chantier Sud,13,13,0.00,12,4,rainy,residential,medium,0,NONE,NONE
2026-04-18T19:20:21.321Z,69f022c79cb4e820b5bc9a9d,Peinture blanche,69efc16263a6c9c6e982a526,Chantier Est,0,0,0,20,6,cloudy,residential,medium,0,NONE,NONE
2026-04-30T12:20:21.321Z,69f031bcc67db8b9022c9624,Ciment Portland,69efdc2dd39de32596f6036a,Chantier Nord,3,2,-33.33,13,4,snowy,industrial,low,0,NONE,NONE
2026-04-20T19:20:21.321Z,69f1cffc279d04321079f0ca,tractorghij,69efc16263a6c9c6e982a526,Chantier Est,0,0,0,20,1,cloudy,commercial,medium,0,NONE,NONE
2026-04-09T07:20:21.321Z,69f022c79cb4e820b5bc9a9d,Peinture blanche,69efc16263a6c9c6e982a526,Chantier Centre,18,19,5.56,8,4,windy,industrial,medium,0,NONE,NONE
2026-04-06T04:20:21.321Z,69f031bcc67db8b9022c9624,Ciment Portland,69efdc2dd39de32596f6036a,Chantier Nord,0,0,0,5,1,cloudy,industrial,low,0,NONE,NONE
2026-04-07T06:20:21.321Z,69f07a63c9b44023facc9bbe,Ciment Portland,69efe130d39de32596f603bf,Chantier Sud,18,27,50.00,7,2,windy,commercial,medium,1,WASTE,MEDIUM
2026-04-09T16:20:21.321Z,69f022c79cb4e820b5bc9a9d,Peinture blanche,69efc16263a6c9c6e982a526,Chantier Ouest,30,31,3.33,17,4,windy,commercial,high,0,NONE,NONE
2026-04-30T16:20:21.321Z,69f022c79cb4e820b5bc9a9d,Peinture blanche,69efc16263a6c9c6e982a526,Chantier Est,18,18,0.00,17,4,rainy,industrial,medium,0,NONE,NONE
2026-04-29T06:20:21.321Z,69f1cffc279d04321079f0ca,tractorghij,69efc16263a6c9c6e982a526,Chantier Nord,17,15,-11.76,7,3,sunny,industrial,medium,0,NONE,NONE
2026-04-20T16:20:21.321Z,69f07a63c9b44023facc9bbe,Ciment Portland,69efe130d39de32596f603bf,Chantier Est,4,11,175.00,17,1,stormy,industrial,low,1,THEFT,HIGH
2026-04-29T17:20:21.321Z,69f07a63c9b44023facc9bbe,Ciment Portland,69efe130d39de32596f603bf,Chantier Ouest,4,4,0.00,18,3,cloudy,industrial,low,0,NONE,NONE
2026-04-18T02:20:21.321Z,69f07a63c9b44023facc9bbe,Ciment Portland,69efe130d39de32596f603bf,Chantier Centre,0,0,0,3,6,stormy,commercial,high,0,NONE,NONE
2026-04-22T01:20:21.321Z,69f022c79cb4e820b5bc9a9d,Peinture blanche,69efc16263a6c9c6e982a526,Chantier Sud,0,0,0,2,3,stormy,commercial,high,0,NONE,NONE
2026-04-04T18:20:21.321Z,69f09b50e12798f23bf60dce,brique,69ec5d482dbc5c87161f8072,Chantier Centre,0,0,0,19,6,windy,commercial,low,0,NONE,NONE
2026-04-24T16:20:21.321Z,69f07a63c9b44023facc9bbe,Ciment Portland,69efe130d39de32596f603bf,Chantier Nord,10,9,-10.00,17,5,rainy,commercial,medium,0,NONE,NONE
2026-04-03T02:20:21.321Z,69f031bcc67db8b9022c9624,Ciment Portland,69efdc2dd39de32596f6036a,Chantier Sud,0,0,0,3,5,cloudy,commercial,medium,0,NONE,NONE
2026-04-13T08:20:21.321Z,69f022c79cb4e820b5bc9a9d,Peinture blanche,69efc16263a6c9c6e982a526,Chantier Est,29,27,-6.90,9,1,snowy,commercial,high,0,NONE,NONE
2026-04-28T02:20:21.321Z,69f022c79cb4e820b5bc9a9d,Peinture blanche,69efc16263a6c9c6e982a526,Chantier Est,0,0,0,3,2,rainy,commercial,low,0,NONE,NONE
2026-04-21T17:20:21.321Z,69f031bcc67db8b9022c9624,Ciment Portland,69efdc2dd39de32596f6036a,Chantier Nord,28,28,0.00,18,2,stormy,residential,high,0,NONE,NONE
2026-04-27T09:20:21.321Z,69f031bcc67db8b9022c9624,Ciment Portland,69efdc2dd39de32596f6036a,Chantier Centre,5,4,-20.00,10,1,stormy,commercial,low,0,NONE,NONE
2026-04-16T12:20:21.321Z,69f1cffc279d04321079f0ca,tractorghij,69efc16263a6c9c6e982a526,Chantier Nord,6,6,0.00,13,4,snowy,commercial,low,0,NONE,NONE
2026-04-20T21:20:21.321Z,69f07a63c9b44023facc9bbe,Ciment Portland,69efe130d39de32596f603bf,Chantier Centre,0,0,0,22,1,sunny,industrial,medium,0,NONE,NONE
2026-04-29T01:20:21.321Z,69f07a63c9b44023facc9bbe,Ciment Portland,69efe130d39de32596f603bf,Chantier Sud,0,0,0,2,3,snowy,industrial,low,0,NONE,NONE
2026-04-22T02:20:21.321Z,69f022c79cb4e820b5bc9a9d,Peinture blanche,69efc16263a6c9c6e982a526,Chantier Ouest,0,0,0,3,3,stormy,industrial,medium,0,NONE,NONE
2026-04-01T17:20:21.321Z,69f022c79cb4e820b5bc9a9d,Peinture blanche,69efc16263a6c9c6e982a526,Chantier Ouest,40,36,-10.00,18,3,stormy,industrial,high,0,NONE,NONE
2026-04-21T09:20:21.321Z,69f07a63c9b44023facc9bbe,Ciment Portland,69efe130d39de32596f603bf,Chantier Nord,5,5,0.00,10,2,sunny,industrial,low,0,NONE,NONE
2026-04-02T09:20:21.321Z,69f031bcc67db8b9022c9624,Ciment Portland,69efdc2dd39de32596f6036a,Chantier Nord,11,10,-9.09,10,4,snowy,industrial,medium,0,NONE,NONE
2026-04-17T09:20:21.321Z,69f031bcc67db8b9022c9624,Ciment Portland,69efdc2dd39de32596f6036a,Chantier Est,18,17,-5.56,10,5,rainy,residential,medium,0,NONE,NONE
2026-04-26T09:20:21.321Z,69f031bcc67db8b9022c9624,Ciment Portland,69efdc2dd39de32596f6036a,Chantier Centre,34,89,161.76,10,0,windy,residential,high,1,THEFT,HIGH
2026-04-28T08:20:21.321Z,69f09b50e12798f23bf60dce,brique,69ec5d482dbc5c87161f8072,Chantier Est,30,29,-3.33,9,2,sunny,commercial,high,0,NONE,NONE
2026-04-17T01:20:21.321Z,69f022c79cb4e820b5bc9a9d,Peinture blanche,69efc16263a6c9c6e982a526,Chantier Centre,0,0,0,2,5,snowy,residential,low,0,NONE,NONE
2026-04-11T09:20:21.321Z,69f031bcc67db8b9022c9624,Ciment Portland,69efdc2dd39de32596f6036a,Chantier Centre,19,20,5.26,10,6,snowy,commercial,medium,0,NONE,NONE
2026-04-21T03:20:21.321Z,69f031bcc67db8b9022c9624,Ciment Portland,69efdc2dd39de32596f6036a,Chantier Sud,0,0,0,4,2,cloudy,commercial,medium,0,NONE,NONE
2026-04-02T22:20:21.321Z,69f022c79cb4e820b5bc9a9d,Peinture blanche,69efc16263a6c9c6e982a526,Chantier Est,0,0,0,23,4,rainy,industrial,low,0,NONE,NONE
2026-04-25T13:20:21.321Z,69f022c79cb4e820b5bc9a9d,Peinture blanche,69efc16263a6c9c6e982a526,Chantier Est,2,1,-50.00,14,6,windy,residential,low,0,NONE,NONE
2026-04-30T03:20:21.321Z,69f1cffc279d04321079f0ca,tractorghij,69efc16263a6c9c6e982a526,Chantier Est,0,0,0,4,4,snowy,residential,medium,0,NONE,NONE
2026-04-11T00:20:21.321Z,69f1cffc279d04321079f0ca,tractorghij,69efc16263a6c9c6e982a526,Chantier Sud,0,0,0,1,6,rainy,residential,high,0,NONE,NONE
2026-04-17T11:20:21.321Z,69f022c79cb4e820b5bc9a9d,Peinture blanche,69efc16263a6c9c6e982a526,Chantier Centre,5,5,0.00,12,5,sunny,industrial,low,0,NONE,NONE
2026-04-03T04:20:21.321Z,69f09b50e12798f23bf60dce,brique,69ec5d482dbc5c87161f8072,Chantier Nord,0,0,0,5,5,stormy,industrial,medium,1,WASTE,MEDIUM
2026-04-21T14:20:21.321Z,69f1cffc279d04321079f0ca,tractorghij,69efc16263a6c9c6e982a526,Chantier Centre,16,16,0.00,15,2,rainy,commercial,medium,0,NONE,NONE
2026-04-01T13:20:21.321Z,69f022c79cb4e820b5bc9a9d,Peinture blanche,69efc16263a6c9c6e982a526,Chantier Centre,6,5,-16.67,14,3,stormy,commercial,low,0,NONE,NONE
2026-04-01T00:20:21.321Z,69f1cffc279d04321079f0ca,tractorghij,69efc16263a6c9c6e982a526,Chantier Centre,0,0,0,1,3,rainy,residential,medium,0,NONE,NONE
2026-04-08T09:20:21.321Z,69f1cffc279d04321079f0ca,tractorghij,69efc16263a6c9c6e982a526,Chantier Centre,24,26,8.33,10,3,snowy,commercial,high,0,NONE,NONE
2026-04-29T03:20:21.321Z,69f1cffc279d04321079f0ca,tractorghij,69efc16263a6c9c6e982a526,Chantier Ouest,0,0,0,4,3,cloudy,industrial,low,0,NONE,NONE
2026-04-15T19:20:21.321Z,69f07a63c9b44023facc9bbe,Ciment Portland,69efe130d39de32596f603bf,Chantier Nord,0,0,0,20,3,cloudy,residential,high,0,NONE,NONE
2026-04-07T14:20:21.321Z,69f09b50e12798f23bf60dce,brique,69ec5d482dbc5c87161f8072,Chantier Centre,3,7,133.33,15,2,windy,industrial,low,1,THEFT,MEDIUM
2026-04-27T09:20:21.321Z,69f1cffc279d04321079f0ca,tractorghij,69efc16263a6c9c6e982a526,Chantier Centre,44,46,4.55,10,1,sunny,commercial,high,0,NONE,NONE
2026-04-19T19:20:21.321Z,69f1cffc279d04321079f0ca,tractorghij,69efc16263a6c9c6e982a526,Chantier Sud,0,0,0,20,0,windy,industrial,high,0,NONE,NONE
2026-04-23T15:20:21.321Z,69f022c79cb4e820b5bc9a9d,Peinture blanche,69efc16263a6c9c6e982a526,Chantier Centre,41,43,4.88,16,4,cloudy,residential,high,0,NONE,NONE
2026-04-01T09:20:21.321Z,69f022c79cb4e820b5bc9a9d,Peinture blanche,69efc16263a6c9c6e982a526,Chantier Sud,3,3,0.00,10,3,rainy,commercial,low,0,NONE,NONE
2026-04-14T16:20:21.321Z,69f07a63c9b44023facc9bbe,Ciment Portland,69efe130d39de32596f603bf,Chantier Sud,14,12,-14.29,17,2,stormy,industrial,medium,0,NONE,NONE
2026-04-09T05:20:21.321Z,69f1cffc279d04321079f0ca,tractorghij,69efc16263a6c9c6e982a526,Chantier Centre,0,0,0,6,4,windy,commercial,medium,0,NONE,NONE
2026-04-23T15:20:21.321Z,69f031bcc67db8b9022c9624,Ciment Portland,69efdc2dd39de32596f6036a,Chantier Ouest,29,85,193.10,16,4,cloudy,commercial,high,1,THEFT,HIGH
2026-04-08T19:20:21.321Z,69f1cffc279d04321079f0ca,tractorghij,69efc16263a6c9c6e982a526,Chantier Sud,0,0,0,20,3,cloudy,residential,low,0,NONE,NONE
2026-04-18T08:20:21.321Z,69f031bcc67db8b9022c9624,Ciment Portland,69efdc2dd39de32596f6036a,Chantier Nord,20,18,-10.00,9,6,snowy,industrial,medium,0,NONE,NONE
2026-04-30T15:20:21.321Z,69f031bcc67db8b9022c9624,Ciment Portland,69efdc2dd39de32596f6036a,Chantier Nord,40,101,152.50,16,4,sunny,industrial,high,1,THEFT,HIGH
2026-04-11T13:20:21.321Z,69f031bcc67db8b9022c9624,Ciment Portland,69efdc2dd39de32596f6036a,Chantier Sud,32,29,-9.38,14,6,windy,industrial,high,0,NONE,NONE
2026-04-03T10:20:21.321Z,69f1cffc279d04321079f0ca,tractorghij,69efc16263a6c9c6e982a526,Chantier Sud,6,5,-16.67,11,5,snowy,industrial,low,0,NONE,NONE
2026-04-26T16:20:21.321Z,69f1cffc279d04321079f0ca,tractorghij,69efc16263a6c9c6e982a526,Chantier Sud,4,4,0.00,17,0,windy,industrial,low,0,NONE,NONE
2026-04-05T23:20:21.321Z,69f07a63c9b44023facc9bbe,Ciment Portland,69efe130d39de32596f603bf,Chantier Est,0,0,0,0,1,windy,industrial,high,0,NONE,NONE
2026-04-01T17:20:21.321Z,69f1cffc279d04321079f0ca,tractorghij,69efc16263a6c9c6e982a526,Chantier Nord,40,40,0.00,18,3,snowy,commercial,high,0,NONE,NONE
2026-04-11T01:20:21.321Z,69f09b50e12798f23bf60dce,brique,69ec5d482dbc5c87161f8072,Chantier Est,0,0,0,2,6,snowy,residential,low,1,OVER_CONSUMPTION,LOW
2026-04-17T12:20:21.321Z,69f031bcc67db8b9022c9624,Ciment Portland,69efdc2dd39de32596f6036a,Chantier Est,23,20,-13.04,13,5,rainy,residential,high,0,NONE,NONE
2026-04-20T01:20:21.321Z,69f1cffc279d04321079f0ca,tractorghij,69efc16263a6c9c6e982a526,Chantier Nord,0,0,0,2,1,sunny,residential,medium,0,NONE,NONE
2026-04-19T14:20:21.321Z,69f031bcc67db8b9022c9624,Ciment Portland,69efdc2dd39de32596f6036a,Chantier Sud,14,13,-7.14,15,0,rainy,residential,medium,0,NONE,NONE
2026-04-26T10:20:21.321Z,69f031bcc67db8b9022c9624,Ciment Portland,69efdc2dd39de32596f6036a,Chantier Nord,6,6,0.00,11,0,windy,residential,low,0,NONE,NONE
2026-04-21T17:20:21.321Z,69f022c79cb4e820b5bc9a9d,Peinture blanche,69efc16263a6c9c6e982a526,Chantier Nord,28,27,-3.57,18,2,stormy,commercial,high,0,NONE,NONE
2026-04-26T06:20:21.321Z,69f09b50e12798f23bf60dce,brique,69ec5d482dbc5c87161f8072,Chantier Centre,23,32,39.13,7,0,windy,residential,medium,1,OVER_CONSUMPTION,LOW
2026-04-28T22:20:21.321Z,69f1cffc279d04321079f0ca,tractorghij,69efc16263a6c9c6e982a526,Chantier Est,0,0,0,23,2,sunny,residential,high,0,NONE,NONE
2026-04-02T00:20:21.321Z,69f1cffc279d04321079f0ca,tractorghij,69efc16263a6c9c6e982a526,Chantier Est,0,0,0,1,4,stormy,residential,low,0,NONE,NONE
2026-04-29T12:20:21.321Z,69f09b50e12798f23bf60dce,brique,69ec5d482dbc5c87161f8072,Chantier Centre,39,35,-10.26,13,3,stormy,residential,high,0,NONE,NONE
2026-04-27T13:20:21.321Z,69f022c79cb4e820b5bc9a9d,Peinture blanche,69efc16263a6c9c6e982a526,Chantier Centre,44,45,2.27,14,1,windy,residential,high,0,NONE,NONE
2026-04-29T23:20:21.321Z,69f1cffc279d04321079f0ca,tractorghij,69efc16263a6c9c6e982a526,Chantier Est,0,0,0,0,4,windy,residential,medium,1,WASTE,MEDIUM
2026-04-13T23:20:21.321Z,69f022c79cb4e820b5bc9a9d,Peinture blanche,69efc16263a6c9c6e982a526,Chantier Ouest,0,0,0,0,2,cloudy,commercial,high,0,NONE,NONE
2026-04-27T09:20:21.321Z,69f031bcc67db8b9022c9624,Ciment Portland,69efdc2dd39de32596f6036a,Chantier Nord,10,9,-10.00,10,1,snowy,industrial,medium,0,NONE,NONE
2026-04-27T02:20:21.321Z,69f022c79cb4e820b5bc9a9d,Peinture blanche,69efc16263a6c9c6e982a526,Chantier Nord,0,0,0,3,1,rainy,industrial,high,0,NONE,NONE
2026-04-29T22:20:21.321Z,69f022c79cb4e820b5bc9a9d,Peinture blanche,69efc16263a6c9c6e982a526,Chantier Sud,0,0,0,23,3,sunny,industrial,low,0,NONE,NONE
2026-04-14T10:20:21.321Z,69f1cffc279d04321079f0ca,tractorghij,69efc16263a6c9c6e982a526,Chantier Est,20,20,0.00,11,2,rainy,industrial,high,0,NONE,NONE
2026-04-14T20:20:21.321Z,69f07a63c9b44023facc9bbe,Ciment Portland,69efe130d39de32596f603bf,Chantier Est,0,0,0,21,2,snowy,industrial,low,0,NONE,NONE
2026-04-04T06:20:21.321Z,69f022c79cb4e820b5bc9a9d,Peinture blanche,69efc16263a6c9c6e982a526,Chantier Sud,48,50,4.17,7,6,sunny,industrial,high,0,NONE,NONE
2026-04-12T16:20:21.321Z,69f09b50e12798f23bf60dce,brique,69ec5d482dbc5c87161f8072,Chantier Nord,25,25,0.00,17,0,stormy,industrial,high,0,NONE,NONE
2026-04-22T15:20:21.321Z,69f1cffc279d04321079f0ca,tractorghij,69efc16263a6c9c6e982a526,Chantier Est,5,5,0.00,16,3,stormy,industrial,low,0,NONE,NONE
2026-04-23T10:20:21.321Z,69f031bcc67db8b9022c9624,Ciment Portland,69efdc2dd39de32596f6036a,Chantier Nord,24,25,4.17,11,4,cloudy,commercial,medium,0,NONE,NONE
2026-04-19T11:20:21.321Z,69f1cffc279d04321079f0ca,tractorghij,69efc16263a6c9c6e982a526,Chantier Nord,22,21,-4.55,12,0,sunny,commercial,high,0,NONE,NONE
2026-04-20T19:20:21.321Z,69f09b50e12798f23bf60dce,brique,69ec5d482dbc5c87161f8072,Chantier Centre,0,0,0,20,1,sunny,commercial,medium,0,NONE,NONE
2026-04-23T07:20:21.321Z,69f07a63c9b44023facc9bbe,Ciment Portland,69efe130d39de32596f603bf,Chantier Est,29,28,-3.45,8,4,snowy,industrial,high,0,NONE,NONE
2026-04-30T13:20:21.321Z,69f022c79cb4e820b5bc9a9d,Peinture blanche,69efc16263a6c9c6e982a526,Chantier Sud,45,49,8.89,14,4,snowy,industrial,high,0,NONE,NONE
2026-04-29T21:20:21.321Z,69f022c79cb4e820b5bc9a9d,Peinture blanche,69efc16263a6c9c6e982a526,Chantier Centre,0,0,0,22,3,rainy,commercial,high,0,NONE,NONE
2026-04-10T18:20:21.321Z,69f07a63c9b44023facc9bbe,Ciment Portland,69efe130d39de32596f603bf,Chantier Est,0,0,0,19,5,snowy,residential,medium,0,NONE,NONE
2026-04-28T04:20:21.321Z,69f031bcc67db8b9022c9624,Ciment Portland,69efdc2dd39de32596f6036a,Chantier Est,0,0,0,5,2,sunny,residential,medium,0,NONE,NONE
2026-04-07T15:20:21.321Z,69f1cffc279d04321079f0ca,tractorghij,69efc16263a6c9c6e982a526,Chantier Sud,4,3,-25.00,16,2,windy,residential,low,0,NONE,NONE
2026-04-21T15:20:21.321Z,69f031bcc67db8b9022c9624,Ciment Portland,69efdc2dd39de32596f6036a,Chantier Ouest,34,36,5.88,16,2,cloudy,residential,high,0,NONE,NONE
2026-04-25T04:20:21.321Z,69f031bcc67db8b9022c9624,Ciment Portland,69efdc2dd39de32596f6036a,Chantier Sud,0,0,0,5,6,sunny,commercial,medium,0,NONE,NONE
2026-04-02T10:20:21.321Z,69f1cffc279d04321079f0ca,tractorghij,69efc16263a6c9c6e982a526,Chantier Ouest,4,10,150.00,11,4,sunny,industrial,low,1,THEFT,MEDIUM
2026-04-26T11:20:21.321Z,69f07a63c9b44023facc9bbe,Ciment Portland,69efe130d39de32596f603bf,Chantier Sud,4,6,50.00,12,0,sunny,commercial,low,1,WASTE,MEDIUM
2026-04-10T10:20:21.321Z,69f022c79cb4e820b5bc9a9d,Peinture blanche,69efc16263a6c9c6e982a526,Chantier Sud,11,10,-9.09,11,5,windy,residential,medium,0,NONE,NONE
2026-04-10T10:20:21.321Z,69f09b50e12798f23bf60dce,brique,69ec5d482dbc5c87161f8072,Chantier Est,40,40,0.00,11,5,rainy,industrial,high,0,NONE,NONE
2026-04-19T17:20:21.321Z,69f07a63c9b44023facc9bbe,Ciment Portland,69efe130d39de32596f603bf,Chantier Nord,23,24,4.35,18,0,rainy,commercial,high,0,NONE,NONE
2026-04-02T23:20:21.321Z,69f07a63c9b44023facc9bbe,Ciment Portland,69efe130d39de32596f603bf,Chantier Ouest,0,0,0,0,5,rainy,residential,high,0,NONE,NONE
2026-04-01T10:20:21.321Z,69f022c79cb4e820b5bc9a9d,Peinture blanche,69efc16263a6c9c6e982a526,Chantier Nord,16,16,0.00,11,3,windy,industrial,medium,0,NONE,NONE
2026-04-26T01:20:21.321Z,69f09b50e12798f23bf60dce,brique,69ec5d482dbc5c87161f8072,Chantier Nord,0,0,0,2,0,stormy,industrial,high,0,NONE,NONE
2026-04-05T03:20:21.321Z,69f07a63c9b44023facc9bbe,Ciment Portland,69efe130d39de32596f603bf,Chantier Sud,0,0,0,4,0,stormy,industrial,medium,1,THEFT,MEDIUM
2026-04-14T23:20:21.321Z,69f09b50e12798f23bf60dce,brique,69ec5d482dbc5c87161f8072,Chantier Sud,0,0,0,0,3,stormy,residential,medium,0,NONE,NONE
2026-04-08T06:20:21.321Z,69f022c79cb4e820b5bc9a9d,Peinture blanche,69efc16263a6c9c6e982a526,Chantier Nord,10,10,0.00,7,3,sunny,industrial,medium,0,NONE,NONE
2026-04-28T03:20:21.321Z,69f07a63c9b44023facc9bbe,Ciment Portland,69efe130d39de32596f603bf,Chantier Ouest,0,0,0,4,2,sunny,industrial,low,0,NONE,NONE
2026-04-22T20:20:21.321Z,69f1cffc279d04321079f0ca,tractorghij,69efc16263a6c9c6e982a526,Chantier Sud,0,0,0,21,3,snowy,residential,high,0,NONE,NONE
2026-04-20T12:20:21.321Z,69f031bcc67db8b9022c9624,Ciment Portland,69efdc2dd39de32596f6036a,Chantier Centre,35,35,0.00,13,1,windy,residential,high,0,NONE,NONE
2026-04-07T05:20:21.321Z,69f022c79cb4e820b5bc9a9d,Peinture blanche,69efc16263a6c9c6e982a526,Chantier Centre,0,0,0,6,2,snowy,industrial,medium,0,NONE,NONE
2026-04-18T04:20:21.321Z,69f09b50e12798f23bf60dce,brique,69ec5d482dbc5c87161f8072,Chantier Est,0,0,0,5,6,snowy,residential,low,0,NONE,NONE
2026-04-10T01:20:21.321Z,69f031bcc67db8b9022c9624,Ciment Portland,69efdc2dd39de32596f6036a,Chantier Centre,0,0,0,2,5,rainy,industrial,high,0,NONE,NONE
2026-04-12T19:20:21.321Z,69f022c79cb4e820b5bc9a9d,Peinture blanche,69efc16263a6c9c6e982a526,Chantier Ouest,0,0,0,20,0,windy,industrial,low,0,NONE,NONE
2026-04-22T20:20:21.321Z,69f1cffc279d04321079f0ca,tractorghij,69efc16263a6c9c6e982a526,Chantier Est,0,0,0,21,3,snowy,residential,low,0,NONE,NONE
2026-04-26T19:20:21.321Z,69f07a63c9b44023facc9bbe,Ciment Portland,69efe130d39de32596f603bf,Chantier Nord,0,0,0,20,0,stormy,residential,medium,0,NONE,NONE
2026-04-05T07:20:21.321Z,69f031bcc67db8b9022c9624,Ciment Portland,69efdc2dd39de32596f6036a,Chantier Est,3,3,0.00,8,0,sunny,industrial,low,0,NONE,NONE
2026-04-14T00:20:21.321Z,69f09b50e12798f23bf60dce,brique,69ec5d482dbc5c87161f8072,Chantier Est,0,0,0,1,2,stormy,commercial,medium,0,NONE,NONE
2026-04-23T18:20:21.321Z,69f031bcc67db8b9022c9624,Ciment Portland,69efdc2dd39de32596f6036a,Chantier Ouest,0,0,0,19,4,snowy,residential,high,0,NONE,NONE
2026-04-20T16:20:21.321Z,69f031bcc67db8b9022c9624,Ciment Portland,69efdc2dd39de32596f6036a,Chantier Sud,6,5,-16.67,17,1,cloudy,industrial,low,0,NONE,NONE
2026-04-04T01:20:21.321Z,69f07a63c9b44023facc9bbe,Ciment Portland,69efe130d39de32596f603bf,Chantier Nord,0,0,0,2,6,cloudy,industrial,low,0,NONE,NONE
2026-04-15T04:20:21.321Z,69f1cffc279d04321079f0ca,tractorghij,69efc16263a6c9c6e982a526,Chantier Nord,0,0,0,5,3,rainy,commercial,high,0,NONE,NONE
2026-04-12T09:20:21.321Z,69f09b50e12798f23bf60dce,brique,69ec5d482dbc5c87161f8072,Chantier Est,4,4,0.00,10,0,windy,industrial,low,0,NONE,NONE
2026-04-25T03:20:21.321Z,69f07a63c9b44023facc9bbe,Ciment Portland,69efe130d39de32596f603bf,Chantier Est,0,0,0,4,6,stormy,commercial,medium,0,NONE,NONE
2026-04-13T23:20:21.321Z,69f022c79cb4e820b5bc9a9d,Peinture blanche,69efc16263a6c9c6e982a526,Chantier Nord,0,0,0,0,2,snowy,residential,low,0,NONE,NONE
2026-04-05T09:20:21.321Z,69f022c79cb4e820b5bc9a9d,Peinture blanche,69efc16263a6c9c6e982a526,Chantier Ouest,14,13,-7.14,10,0,sunny,commercial,medium,0,NONE,NONE
2026-04-18T09:20:21.321Z,69f07a63c9b44023facc9bbe,Ciment Portland,69efe130d39de32596f603bf,Chantier Est,3,2,-33.33,10,6,cloudy,commercial,low,0,NONE,NONE
2026-04-24T06:20:21.321Z,69f031bcc67db8b9022c9624,Ciment Portland,69efdc2dd39de32596f6036a,Chantier Ouest,20,19,-5.00,7,5,cloudy,commercial,medium,0,NONE,NONE
2026-04-27T19:20:21.321Z,69f022c79cb4e820b5bc9a9d,Peinture blanche,69efc16263a6c9c6e982a526,Chantier Centre,0,0,0,20,1,stormy,industrial,medium,0,NONE,NONE
2026-04-17T00:20:21.321Z,69f1cffc279d04321079f0ca,tractorghij,69efc16263a6c9c6e982a526,Chantier Sud,0,0,0,1,5,snowy,residential,high,1,THEFT,MEDIUM
2026-04-22T11:20:21.321Z,69f031bcc67db8b9022c9624,Ciment Portland,69efdc2dd39de32596f6036a,Chantier Ouest,29,53,82.76,12,3,snowy,industrial,high,1,WASTE,MEDIUM
2026-04-07T06:20:21.321Z,69f07a63c9b44023facc9bbe,Ciment Portland,69efe130d39de32596f603bf,Chantier Nord,33,34,3.03,7,2,cloudy,industrial,high,0,NONE,NONE
2026-04-28T03:20:21.321Z,69f031bcc67db8b9022c9624,Ciment Portland,69efdc2dd39de32596f6036a,Chantier Centre,0,0,0,4,2,snowy,industrial,low,0,NONE,NONE
2026-04-24T10:20:21.321Z,69f07a63c9b44023facc9bbe,Ciment Portland,69efe130d39de32596f603bf,Chantier Ouest,13,12,-7.69,11,5,cloudy,commercial,medium,0,NONE,NONE
2026-04-07T19:20:21.321Z,69f022c79cb4e820b5bc9a9d,Peinture blanche,69efc16263a6c9c6e982a526,Chantier Centre,0,0,0,20,2,sunny,residential,high,0,NONE,NONE
2026-04-14T01:20:21.321Z,69f09b50e12798f23bf60dce,brique,69ec5d482dbc5c87161f8072,Chantier Nord,0,0,0,2,2,snowy,commercial,high,0,NONE,NONE
2026-04-10T14:20:21.321Z,69f1cffc279d04321079f0ca,tractorghij,69efc16263a6c9c6e982a526,Chantier Ouest,31,29,-6.45,15,5,stormy,commercial,high,0,NONE,NONE
2026-04-11T01:20:21.321Z,69f09b50e12798f23bf60dce,brique,69ec5d482dbc5c87161f8072,Chantier Ouest,0,0,0,2,6,snowy,industrial,low,0,NONE,NONE
2026-04-22T13:20:21.321Z,69f07a63c9b44023facc9bbe,Ciment Portland,69efe130d39de32596f603bf,Chantier Ouest,3,3,0.00,14,3,snowy,commercial,low,0,NONE,NONE
2026-04-26T14:20:21.321Z,69f1cffc279d04321079f0ca,tractorghij,69efc16263a6c9c6e982a526,Chantier Nord,39,42,7.69,15,0,cloudy,industrial,high,0,NONE,NONE
2026-04-25T12:20:21.321Z,69f022c79cb4e820b5bc9a9d,Peinture blanche,69efc16263a6c9c6e982a526,Chantier Centre,47,44,-6.38,13,6,snowy,residential,high,0,NONE,NONE
2026-04-21T09:20:21.321Z,69f031bcc67db8b9022c9624,Ciment Portland,69efdc2dd39de32596f6036a,Chantier Nord,11,13,18.18,10,2,stormy,residential,medium,1,OVER_CONSUMPTION,LOW
2026-04-02T23:20:21.321Z,69f022c79cb4e820b5bc9a9d,Peinture blanche,69efc16263a6c9c6e982a526,Chantier Est,0,0,0,0,5,snowy,industrial,high,0,NONE,NONE
2026-04-10T22:20:21.321Z,69f031bcc67db8b9022c9624,Ciment Portland,69efdc2dd39de32596f6036a,Chantier Est,0,0,0,23,5,windy,commercial,low,1,OVER_CONSUMPTION,LOW
2026-04-20T13:20:21.321Z,69f09b50e12798f23bf60dce,brique,69ec5d482dbc5c87161f8072,Chantier Sud,20,18,-10.00,14,1,windy,residential,medium,0,NONE,NONE
2026-04-04T04:20:21.321Z,69f031bcc67db8b9022c9624,Ciment Portland,69efdc2dd39de32596f6036a,Chantier Est,0,0,0,5,6,windy,commercial,low,0,NONE,NONE
2026-04-27T04:20:21.321Z,69f09b50e12798f23bf60dce,brique,69ec5d482dbc5c87161f8072,Chantier Ouest,0,0,0,5,1,snowy,industrial,high,0,NONE,NONE
2026-04-16T23:20:21.321Z,69f07a63c9b44023facc9bbe,Ciment Portland,69efe130d39de32596f603bf,Chantier Centre,0,0,0,0,5,cloudy,residential,low,0,NONE,NONE
2026-04-19T19:20:21.321Z,69f022c79cb4e820b5bc9a9d,Peinture blanche,69efc16263a6c9c6e982a526,Chantier Nord,0,0,0,20,0,rainy,commercial,high,0,NONE,NONE
2026-04-12T11:20:21.321Z,69f031bcc67db8b9022c9624,Ciment Portland,69efdc2dd39de32596f6036a,Chantier Sud,6,5,-16.67,12,0,rainy,industrial,low,0,NONE,NONE
2026-04-06T15:20:21.321Z,69f1cffc279d04321079f0ca,tractorghij,69efc16263a6c9c6e982a526,Chantier Sud,6,6,0.00,16,1,stormy,industrial,low,0,NONE,NONE
2026-04-17T08:20:21.321Z,69f031bcc67db8b9022c9624,Ciment Portland,69efdc2dd39de32596f6036a,Chantier Est,13,12,-7.69,9,5,sunny,residential,medium,0,NONE,NONE
2026-04-12T15:20:21.321Z,69f031bcc67db8b9022c9624,Ciment Portland,69efdc2dd39de32596f6036a,Chantier Ouest,20,21,5.00,16,0,windy,residential,medium,0,NONE,NONE
2026-04-17T14:20:21.321Z,69f031bcc67db8b9022c9624,Ciment Portland,69efdc2dd39de32596f6036a,Chantier Sud,13,12,-7.69,15,5,stormy,commercial,medium,0,NONE,NONE
2026-04-27T11:20:21.321Z,69f1cffc279d04321079f0ca,tractorghij,69efc16263a6c9c6e982a526,Chantier Nord,44,48,9.09,12,1,cloudy,residential,high,0,NONE,NONE
2026-04-13T19:20:21.321Z,69f031bcc67db8b9022c9624,Ciment Portland,69efdc2dd39de32596f6036a,Chantier Est,0,0,0,20,1,cloudy,residential,medium,0,NONE,NONE
2026-04-02T15:20:21.321Z,69f1cffc279d04321079f0ca,tractorghij,69efc16263a6c9c6e982a526,Chantier Sud,29,31,6.90,16,4,rainy,residential,high,0,NONE,NONE
2026-04-08T06:20:21.321Z,69f09b50e12798f23bf60dce,brique,69ec5d482dbc5c87161f8072,Chantier Est,24,23,-4.17,7,3,stormy,residential,medium,0,NONE,NONE
2026-04-30T18:20:21.321Z,69f031bcc67db8b9022c9624,Ciment Portland,69efdc2dd39de32596f6036a,Chantier Nord,0,0,0,19,4,stormy,residential,medium,0,NONE,NONE
2026-04-03T13:20:21.321Z,69f1cffc279d04321079f0ca,tractorghij,69efc16263a6c9c6e982a526,Chantier Nord,15,14,-6.67,14,5,snowy,industrial,medium,0,NONE,NONE
2026-04-18T20:20:21.321Z,69f1cffc279d04321079f0ca,tractorghij,69efc16263a6c9c6e982a526,Chantier Centre,0,0,0,21,6,rainy,industrial,high,1,WASTE,MEDIUM
2026-04-03T15:20:21.321Z,69f09b50e12798f23bf60dce,brique,69ec5d482dbc5c87161f8072,Chantier Nord,4,4,0.00,16,5,stormy,industrial,low,0,NONE,NONE
2026-04-20T12:20:21.321Z,69f07a63c9b44023facc9bbe,Ciment Portland,69efe130d39de32596f603bf,Chantier Nord,19,20,5.26,13,1,snowy,industrial,medium,0,NONE,NONE
2026-04-25T01:20:21.321Z,69f1cffc279d04321079f0ca,tractorghij,69efc16263a6c9c6e982a526,Chantier Nord,0,0,0,2,6,cloudy,industrial,high,1,OVER_CONSUMPTION,LOW
2026-04-27T00:20:21.321Z,69f1cffc279d04321079f0ca,tractorghij,69efc16263a6c9c6e982a526,Chantier Ouest,0,0,0,1,1,windy,residential,low,0,NONE,NONE
2026-04-30T17:20:21.321Z,69f07a63c9b44023facc9bbe,Ciment Portland,69efe130d39de32596f603bf,Chantier Est,2,1,-50.00,18,4,stormy,industrial,low,0,NONE,NONE
2026-04-05T12:20:21.321Z,69f022c79cb4e820b5bc9a9d,Peinture blanche,69efc16263a6c9c6e982a526,Chantier Centre,6,5,-16.67,13,0,snowy,residential,low,0,NONE,NONE
2026-04-04T02:20:21.321Z,69f07a63c9b44023facc9bbe,Ciment Portland,69efe130d39de32596f603bf,Chantier Nord,0,0,0,3,6,stormy,residential,high,0,NONE,NONE
2026-04-28T23:20:21.321Z,69f022c79cb4e820b5bc9a9d,Peinture blanche,69efc16263a6c9c6e982a526,Chantier Centre,0,0,0,0,3,cloudy,commercial,high,0,NONE,NONE
2026-04-12T21:20:21.321Z,69f022c79cb4e820b5bc9a9d,Peinture blanche,69efc16263a6c9c6e982a526,Chantier Est,0,0,0,22,0,windy,residential,medium,0,NONE,NONE
2026-04-28T00:20:21.321Z,69f031bcc67db8b9022c9624,Ciment Portland,69efdc2dd39de32596f6036a,Chantier Sud,0,0,0,1,2,sunny,commercial,medium,0,NONE,NONE
2026-04-15T11:20:21.321Z,69f022c79cb4e820b5bc9a9d,Peinture blanche,69efc16263a6c9c6e982a526,Chantier Sud,5,5,0.00,12,3,stormy,residential,low,0,NONE,NONE
2026-04-20T22:20:21.321Z,69f09b50e12798f23bf60dce,brique,69ec5d482dbc5c87161f8072,Chantier Nord,0,0,0,23,1,cloudy,commercial,high,0,NONE,NONE
2026-04-16T02:20:21.321Z,69f1cffc279d04321079f0ca,tractorghij,69efc16263a6c9c6e982a526,Chantier Nord,0,0,0,3,4,stormy,commercial,low,0,NONE,NONE
2026-04-12T22:20:21.321Z,69f022c79cb4e820b5bc9a9d,Peinture blanche,69efc16263a6c9c6e982a526,Chantier Sud,0,0,0,23,0,cloudy,commercial,medium,0,NONE,NONE
2026-04-07T18:20:21.321Z,69f031bcc67db8b9022c9624,Ciment Portland,69efdc2dd39de32596f6036a,Chantier Nord,0,0,0,19,2,sunny,industrial,high,0,NONE,NONE
2026-04-02T16:20:21.321Z,69f07a63c9b44023facc9bbe,Ciment Portland,69efe130d39de32596f603bf,Chantier Ouest,4,4,0.00,17,4,sunny,commercial,low,0,NONE,NONE
2026-04-05T03:20:21.321Z,69f1cffc279d04321079f0ca,tractorghij,69efc16263a6c9c6e982a526,Chantier Sud,0,0,0,4,0,cloudy,commercial,low,0,NONE,NONE
2026-04-19T07:20:21.321Z,69f031bcc67db8b9022c9624,Ciment Portland,69efdc2dd39de32596f6036a,Chantier Ouest,47,44,-6.38,8,0,stormy,commercial,high,0,NONE,NONE
2026-04-09T01:20:21.321Z,69f031bcc67db8b9022c9624,Ciment Portland,69efdc2dd39de32596f6036a,Chantier Ouest,0,0,0,2,4,windy,industrial,medium,0,NONE,NONE
2026-04-16T13:20:21.321Z,69f09b50e12798f23bf60dce,brique,69ec5d482dbc5c87161f8072,Chantier Centre,27,27,0.00,14,4,stormy,residential,high,0,NONE,NONE
2026-04-06T16:20:21.321Z,69f1cffc279d04321079f0ca,tractorghij,69efc16263a6c9c6e982a526,Chantier Sud,13,12,-7.69,17,1,cloudy,residential,medium,0,NONE,NONE
2026-04-22T05:20:21.321Z,69f031bcc67db8b9022c9624,Ciment Portland,69efdc2dd39de32596f6036a,Chantier Est,0,0,0,6,3,stormy,residential,low,0,NONE,NONE
2026-04-09T15:20:21.321Z,69f09b50e12798f23bf60dce,brique,69ec5d482dbc5c87161f8072,Chantier Sud,21,22,4.76,16,4,windy,industrial,medium,0,NONE,NONE
2026-04-05T09:20:21.321Z,69f09b50e12798f23bf60dce,brique,69ec5d482dbc5c87161f8072,Chantier Nord,49,145,195.92,10,0,stormy,residential,high,1,THEFT,HIGH
2026-04-07T22:20:21.321Z,69f031bcc67db8b9022c9624,Ciment Portland,69efdc2dd39de32596f6036a,Chantier Sud,0,0,0,23,2,cloudy,industrial,medium,0,NONE,NONE
2026-04-29T03:20:21.321Z,69f07a63c9b44023facc9bbe,Ciment Portland,69efe130d39de32596f603bf,Chantier Sud,0,0,0,4,3,sunny,industrial,low,0,NONE,NONE
2026-04-14T08:20:21.321Z,69f022c79cb4e820b5bc9a9d,Peinture blanche,69efc16263a6c9c6e982a526,Chantier Nord,14,13,-7.14,9,2,cloudy,commercial,medium,0,NONE,NONE
2026-04-30T00:20:21.321Z,69f07a63c9b44023facc9bbe,Ciment Portland,69efe130d39de32596f603bf,Chantier Est,0,0,0,1,4,windy,industrial,medium,0,NONE,NONE
2026-04-07T01:20:21.321Z,69f07a63c9b44023facc9bbe,Ciment Portland,69efe130d39de32596f603bf,Chantier Est,0,0,0,2,2,rainy,commercial,high,0,NONE,NONE
2026-04-03T11:20:21.321Z,69f1cffc279d04321079f0ca,tractorghij,69efc16263a6c9c6e982a526,Chantier Sud,38,34,-10.53,12,5,windy,residential,high,0,NONE,NONE
2026-04-24T23:20:21.321Z,69f031bcc67db8b9022c9624,Ciment Portland,69efdc2dd39de32596f6036a,Chantier Nord,0,0,0,0,6,stormy,commercial,high,0,NONE,NONE
2026-04-18T09:20:21.321Z,69f1cffc279d04321079f0ca,tractorghij,69efc16263a6c9c6e982a526,Chantier Centre,19,18,-5.26,10,6,windy,commercial,medium,0,NONE,NONE
2026-04-25T05:20:21.321Z,69f1cffc279d04321079f0ca,tractorghij,69efc16263a6c9c6e982a526,Chantier Ouest,0,0,0,6,6,sunny,residential,medium,0,NONE,NONE
2026-04-09T09:20:21.321Z,69f022c79cb4e820b5bc9a9d,Peinture blanche,69efc16263a6c9c6e982a526,Chantier Nord,12,12,0.00,10,4,stormy,industrial,medium,0,NONE,NONE
2026-04-06T03:20:21.321Z,69f031bcc67db8b9022c9624,Ciment Portland,69efdc2dd39de32596f6036a,Chantier Ouest,0,0,0,4,1,rainy,residential,high,0,NONE,NONE
2026-04-25T04:20:21.321Z,69f1cffc279d04321079f0ca,tractorghij,69efc16263a6c9c6e982a526,Chantier Sud,0,0,0,5,6,snowy,commercial,low,0,NONE,NONE
2026-04-29T15:20:21.321Z,69f07a63c9b44023facc9bbe,Ciment Portland,69efe130d39de32596f603bf,Chantier Est,2,1,-50.00,16,3,rainy,residential,low,0,NONE,NONE
2026-04-17T06:20:21.321Z,69f1cffc279d04321079f0ca,tractorghij,69efc16263a6c9c6e982a526,Chantier Sud,3,2,-33.33,7,5,snowy,industrial,low,0,NONE,NONE
2026-04-12T01:20:21.321Z,69f07a63c9b44023facc9bbe,Ciment Portland,69efe130d39de32596f603bf,Chantier Nord,0,0,0,2,0,rainy,residential,high,0,NONE,NONE
2026-04-28T14:20:21.321Z,69f031bcc67db8b9022c9624,Ciment Portland,69efdc2dd39de32596f6036a,Chantier Centre,19,19,0.00,15,2,cloudy,industrial,medium,0,NONE,NONE
2026-04-17T05:20:21.321Z,69f031bcc67db8b9022c9624,Ciment Portland,69efdc2dd39de32596f6036a,Chantier Est,0,0,0,6,5,rainy,residential,high,0,NONE,NONE
2026-04-26T03:20:21.321Z,69f07a63c9b44023facc9bbe,Ciment Portland,69efe130d39de32596f603bf,Chantier Sud,0,0,0,4,0,cloudy,commercial,medium,0,NONE,NONE
2026-04-10T06:20:21.321Z,69f022c79cb4e820b5bc9a9d,Peinture blanche,69efc16263a6c9c6e982a526,Chantier Ouest,18,24,33.33,7,5,sunny,industrial,medium,1,OVER_CONSUMPTION,LOW
2026-04-01T02:20:21.321Z,69f07a63c9b44023facc9bbe,Ciment Portland,69efe130d39de32596f603bf,Chantier Centre,0,0,0,3,3,rainy,residential,low,0,NONE,NONE
2026-04-19T18:20:21.321Z,69f031bcc67db8b9022c9624,Ciment Portland,69efdc2dd39de32596f6036a,Chantier Sud,0,0,0,19,0,stormy,commercial,high,0,NONE,NONE
2026-04-13T20:20:21.321Z,69f1cffc279d04321079f0ca,tractorghij,69efc16263a6c9c6e982a526,Chantier Nord,0,0,0,21,1,stormy,commercial,low,0,NONE,NONE
2026-04-20T10:20:21.321Z,69f07a63c9b44023facc9bbe,Ciment Portland,69efe130d39de32596f603bf,Chantier Nord,19,17,-10.53,11,1,windy,commercial,medium,0,NONE,NONE
2026-04-24T20:20:21.321Z,69f1cffc279d04321079f0ca,tractorghij,69efc16263a6c9c6e982a526,Chantier Sud,0,0,0,21,5,sunny,commercial,medium,0,NONE,NONE
2026-04-22T16:20:21.321Z,69f022c79cb4e820b5bc9a9d,Peinture blanche,69efc16263a6c9c6e982a526,Chantier Nord,31,31,0.00,17,3,cloudy,industrial,high,0,NONE,NONE
2026-04-11T09:20:21.321Z,69f022c79cb4e820b5bc9a9d,Peinture blanche,69efc16263a6c9c6e982a526,Chantier Sud,2,2,0.00,10,6,snowy,industrial,low,0,NONE,NONE
2026-04-26T07:20:21.321Z,69f022c79cb4e820b5bc9a9d,Peinture blanche,69efc16263a6c9c6e982a526,Chantier Sud,11,11,0.00,8,0,stormy,commercial,medium,0,NONE,NONE
2026-04-12T21:20:21.321Z,69f031bcc67db8b9022c9624,Ciment Portland,69efdc2dd39de32596f6036a,Chantier Centre,0,0,0,22,0,windy,commercial,medium,0,NONE,NONE
2026-04-23T18:20:21.321Z,69f09b50e12798f23bf60dce,brique,69ec5d482dbc5c87161f8072,Chantier Centre,0,0,0,19,4,stormy,industrial,low,0,NONE,NONE
2026-04-11T03:20:21.321Z,69f031bcc67db8b9022c9624,Ciment Portland,69efdc2dd39de32596f6036a,Chantier Est,0,0,0,4,6,snowy,commercial,high,1,THEFT,MEDIUM
2026-04-16T02:20:21.321Z,69f1cffc279d04321079f0ca,tractorghij,69efc16263a6c9c6e982a526,Chantier Centre,0,0,0,3,4,snowy,commercial,medium,0,NONE,NONE
2026-04-15T01:20:21.321Z,69f022c79cb4e820b5bc9a9d,Peinture blanche,69efc16263a6c9c6e982a526,Chantier Est,0,0,0,2,3,snowy,industrial,low,0,NONE,NONE
2026-04-01T05:20:21.321Z,69f09b50e12798f23bf60dce,brique,69ec5d482dbc5c87161f8072,Chantier Centre,0,0,0,6,3,sunny,commercial,low,0,NONE,NONE
2026-04-22T18:20:21.321Z,69f031bcc67db8b9022c9624,Ciment Portland,69efdc2dd39de32596f6036a,Chantier Centre,0,0,0,19,3,windy,residential,medium,0,NONE,NONE
2026-04-11T23:20:21.321Z,69f022c79cb4e820b5bc9a9d,Peinture blanche,69efc16263a6c9c6e982a526,Chantier Nord,0,0,0,0,0,snowy,residential,high,0,NONE,NONE
2026-04-15T10:20:21.321Z,69f07a63c9b44023facc9bbe,Ciment Portland,69efe130d39de32596f603bf,Chantier Ouest,10,9,-10.00,11,3,snowy,residential,medium,0,NONE,NONE
2026-04-28T04:20:21.321Z,69f07a63c9b44023facc9bbe,Ciment Portland,69efe130d39de32596f603bf,Chantier Est,0,0,0,5,2,cloudy,residential,low,1,WASTE,MEDIUM
2026-04-29T10:20:21.321Z,69f09b50e12798f23bf60dce,brique,69ec5d482dbc5c87161f8072,Chantier Sud,16,15,-6.25,11,3,cloudy,residential,medium,0,NONE,NONE
2026-04-30T18:20:21.321Z,69f022c79cb4e820b5bc9a9d,Peinture blanche,69efc16263a6c9c6e982a526,Chantier Sud,0,0,0,19,4,cloudy,industrial,low,0,NONE,NONE
2026-04-02T22:20:21.321Z,69f022c79cb4e820b5bc9a9d,Peinture blanche,69efc16263a6c9c6e982a526,Chantier Ouest,0,0,0,23,4,snowy,residential,medium,0,NONE,NONE
2026-04-13T19:20:21.321Z,69f07a63c9b44023facc9bbe,Ciment Portland,69efe130d39de32596f603bf,Chantier Sud,0,0,0,20,1,cloudy,residential,low,1,THEFT,MEDIUM
2026-04-23T11:20:21.321Z,69f022c79cb4e820b5bc9a9d,Peinture blanche,69efc16263a6c9c6e982a526,Chantier Est,6,5,-16.67,12,4,windy,residential,low,0,NONE,NONE
2026-04-16T20:20:21.321Z,69f09b50e12798f23bf60dce,brique,69ec5d482dbc5c87161f8072,Chantier Est,0,0,0,21,4,cloudy,residential,medium,0,NONE,NONE
2026-04-29T19:20:21.321Z,69f07a63c9b44023facc9bbe,Ciment Portland,69efe130d39de32596f603bf,Chantier Centre,0,0,0,20,3,sunny,residential,medium,0,NONE,NONE
2026-04-14T18:20:21.321Z,69f1cffc279d04321079f0ca,tractorghij,69efc16263a6c9c6e982a526,Chantier Nord,0,0,0,19,2,snowy,industrial,medium,0,NONE,NONE
2026-04-29T05:20:21.321Z,69f09b50e12798f23bf60dce,brique,69ec5d482dbc5c87161f8072,Chantier Nord,0,0,0,6,3,cloudy,residential,low,0,NONE,NONE
2026-04-21T15:20:21.321Z,69f09b50e12798f23bf60dce,brique,69ec5d482dbc5c87161f8072,Chantier Est,13,12,-7.69,16,2,stormy,residential,medium,0,NONE,NONE
2026-04-15T05:20:21.321Z,69f031bcc67db8b9022c9624,Ciment Portland,69efdc2dd39de32596f6036a,Chantier Ouest,0,0,0,6,3,windy,industrial,low,0,NONE,NONE
2026-04-10T23:20:21.321Z,69f09b50e12798f23bf60dce,brique,69ec5d482dbc5c87161f8072,Chantier Nord,0,0,0,0,6,sunny,commercial,medium,0,NONE,NONE
2026-04-26T06:20:21.321Z,69f1cffc279d04321079f0ca,tractorghij,69efc16263a6c9c6e982a526,Chantier Ouest,3,3,0.00,7,0,sunny,commercial,low,0,NONE,NONE
2026-04-07T04:20:21.321Z,69f031bcc67db8b9022c9624,Ciment Portland,69efdc2dd39de32596f6036a,Chantier Sud,0,0,0,5,2,stormy,industrial,medium,0,NONE,NONE
2026-04-28T10:20:21.321Z,69f09b50e12798f23bf60dce,brique,69ec5d482dbc5c87161f8072,Chantier Sud,19,17,-10.53,11,2,sunny,industrial,medium,0,NONE,NONE
2026-04-30T18:20:21.321Z,69f031bcc67db8b9022c9624,Ciment Portland,69efdc2dd39de32596f6036a,Chantier Ouest,0,0,0,19,4,rainy,commercial,high,0,NONE,NONE
2026-04-21T23:20:21.321Z,69f1cffc279d04321079f0ca,tractorghij,69efc16263a6c9c6e982a526,Chantier Ouest,0,0,0,0,3,windy,industrial,low,0,NONE,NONE
2026-04-04T15:20:21.321Z,69f1cffc279d04321079f0ca,tractorghij,69efc16263a6c9c6e982a526,Chantier Nord,17,17,0.00,16,6,windy,industrial,medium,0,NONE,NONE
2026-04-04T07:20:21.321Z,69f031bcc67db8b9022c9624,Ciment Portland,69efdc2dd39de32596f6036a,Chantier Centre,19,17,-10.53,8,6,cloudy,commercial,medium,0,NONE,NONE
2026-04-29T03:20:21.321Z,69f022c79cb4e820b5bc9a9d,Peinture blanche,69efc16263a6c9c6e982a526,Chantier Ouest,0,0,0,4,3,windy,industrial,low,0,NONE,NONE
2026-04-01T19:20:21.321Z,69f022c79cb4e820b5bc9a9d,Peinture blanche,69efc16263a6c9c6e982a526,Chantier Centre,0,0,0,20,3,windy,residential,high,0,NONE,NONE
2026-04-11T13:20:21.321Z,69f07a63c9b44023facc9bbe,Ciment Portland,69efe130d39de32596f603bf,Chantier Ouest,28,27,-3.57,14,6,sunny,industrial,high,0,NONE,NONE
2026-04-30T11:20:21.321Z,69f022c79cb4e820b5bc9a9d,Peinture blanche,69efc16263a6c9c6e982a526,Chantier Est,5,5,0.00,12,4,rainy,residential,low,0,NONE,NONE
2026-04-17T06:20:21.321Z,69f022c79cb4e820b5bc9a9d,Peinture blanche,69efc16263a6c9c6e982a526,Chantier Nord,13,12,-7.69,7,5,stormy,residential,medium,0,NONE,NONE
2026-04-20T17:20:21.321Z,69f1cffc279d04321079f0ca,tractorghij,69efc16263a6c9c6e982a526,Chantier Sud,35,34,-2.86,18,1,stormy,commercial,high,0,NONE,NONE
2026-04-23T00:20:21.321Z,69f1cffc279d04321079f0ca,tractorghij,69efc16263a6c9c6e982a526,Chantier Centre,0,0,0,1,4,stormy,industrial,low,0,NONE,NONE
2026-04-05T02:20:21.321Z,69f031bcc67db8b9022c9624,Ciment Portland,69efdc2dd39de32596f6036a,Chantier Sud,0,0,0,3,0,snowy,residential,low,0,NONE,NONE
2026-04-05T13:20:21.321Z,69f07a63c9b44023facc9bbe,Ciment Portland,69efe130d39de32596f603bf,Chantier Centre,16,14,-12.50,14,0,rainy,commercial,medium,0,NONE,NONE
2026-04-26T08:20:21.321Z,69f031bcc67db8b9022c9624,Ciment Portland,69efdc2dd39de32596f6036a,Chantier Est,24,39,62.50,9,0,snowy,residential,medium,1,WASTE,MEDIUM
2026-04-23T02:20:21.321Z,69f1cffc279d04321079f0ca,tractorghij,69efc16263a6c9c6e982a526,Chantier Ouest,0,0,0,3,4,stormy,industrial,medium,1,WASTE,MEDIUM
2026-04-11T14:20:21.321Z,69f1cffc279d04321079f0ca,tractorghij,69efc16263a6c9c6e982a526,Chantier Centre,16,16,0.00,15,6,snowy,industrial,medium,0,NONE,NONE
2026-04-20T15:20:21.321Z,69f09b50e12798f23bf60dce,brique,69ec5d482dbc5c87161f8072,Chantier Sud,23,22,-4.35,16,1,cloudy,residential,medium,0,NONE,NONE
2026-04-29T05:20:21.321Z,69f1cffc279d04321079f0ca,tractorghij,69efc16263a6c9c6e982a526,Chantier Est,0,0,0,6,3,stormy,residential,medium,0,NONE,NONE
2026-04-20T12:20:21.321Z,69f07a63c9b44023facc9bbe,Ciment Portland,69efe130d39de32596f603bf,Chantier Centre,5,5,0.00,13,1,cloudy,industrial,low,0,NONE,NONE
2026-04-24T04:20:21.321Z,69f022c79cb4e820b5bc9a9d,Peinture blanche,69efc16263a6c9c6e982a526,Chantier Centre,0,0,0,5,5,snowy,commercial,high,0,NONE,NONE
2026-04-02T16:20:21.321Z,69f022c79cb4e820b5bc9a9d,Peinture blanche,69efc16263a6c9c6e982a526,Chantier Nord,5,5,0.00,17,4,snowy,residential,low,0,NONE,NONE
2026-04-19T04:20:21.321Z,69f022c79cb4e820b5bc9a9d,Peinture blanche,69efc16263a6c9c6e982a526,Chantier Centre,0,0,0,5,0,cloudy,commercial,low,0,NONE,NONE
2026-04-15T12:20:21.321Z,69f09b50e12798f23bf60dce,brique,69ec5d482dbc5c87161f8072,Chantier Centre,40,36,-10.00,13,3,snowy,commercial,high,0,NONE,NONE
2026-04-07T00:20:21.321Z,69f022c79cb4e820b5bc9a9d,Peinture blanche,69efc16263a6c9c6e982a526,Chantier Est,0,0,0,1,2,snowy,residential,high,0,NONE,NONE
2026-04-27T08:20:21.321Z,69f1cffc279d04321079f0ca,tractorghij,69efc16263a6c9c6e982a526,Chantier Centre,42,37,-11.90,9,1,rainy,commercial,high,0,NONE,NONE
2026-04-24T03:20:21.321Z,69f031bcc67db8b9022c9624,Ciment Portland,69efdc2dd39de32596f6036a,Chantier Est,0,0,0,4,5,windy,commercial,high,1,OVER_CONSUMPTION,LOW
2026-04-13T01:20:21.321Z,69f07a63c9b44023facc9bbe,Ciment Portland,69efe130d39de32596f603bf,Chantier Centre,0,0,0,2,1,snowy,residential,medium,0,NONE,NONE
2026-04-09T03:20:21.321Z,69f031bcc67db8b9022c9624,Ciment Portland,69efdc2dd39de32596f6036a,Chantier Est,0,0,0,4,4,sunny,commercial,low,0,NONE,NONE
2026-04-19T04:20:21.321Z,69f07a63c9b44023facc9bbe,Ciment Portland,69efe130d39de32596f603bf,Chantier Est,0,0,0,5,0,stormy,industrial,medium,1,WASTE,MEDIUM
2026-04-12T13:20:21.321Z,69f022c79cb4e820b5bc9a9d,Peinture blanche,69efc16263a6c9c6e982a526,Chantier Sud,21,21,0.00,14,0,stormy,commercial,high,0,NONE,NONE
2026-04-26T08:20:21.321Z,69f031bcc67db8b9022c9624,Ciment Portland,69efdc2dd39de32596f6036a,Chantier Sud,20,19,-5.00,9,0,cloudy,commercial,medium,0,NONE,NONE
2026-04-18T23:20:21.321Z,69f07a63c9b44023facc9bbe,Ciment Portland,69efe130d39de32596f603bf,Chantier Centre,0,0,0,0,0,windy,commercial,high,0,NONE,NONE
2026-04-08T05:20:21.321Z,69f031bcc67db8b9022c9624,Ciment Portland,69efdc2dd39de32596f6036a,Chantier Nord,0,0,0,6,3,cloudy,residential,low,0,NONE,NONE
2026-04-25T11:20:21.321Z,69f09b50e12798f23bf60dce,brique,69ec5d482dbc5c87161f8072,Chantier Est,49,51,4.08,12,6,cloudy,commercial,high,0,NONE,NONE
2026-04-01T04:20:21.321Z,69f09b50e12798f23bf60dce,brique,69ec5d482dbc5c87161f8072,Chantier Sud,0,0,0,5,3,cloudy,industrial,low,0,NONE,NONE
2026-04-18T11:20:21.321Z,69f09b50e12798f23bf60dce,brique,69ec5d482dbc5c87161f8072,Chantier Ouest,17,17,0.00,12,6,rainy,commercial,medium,0,NONE,NONE
2026-04-16T01:20:21.321Z,69f031bcc67db8b9022c9624,Ciment Portland,69efdc2dd39de32596f6036a,Chantier Nord,0,0,0,2,4,rainy,industrial,medium,0,NONE,NONE
2026-04-06T04:20:21.321Z,69f07a63c9b44023facc9bbe,Ciment Portland,69efe130d39de32596f603bf,Chantier Nord,0,0,0,5,1,rainy,industrial,low,0,NONE,NONE
2026-04-04T19:20:21.321Z,69f022c79cb4e820b5bc9a9d,Peinture blanche,69efc16263a6c9c6e982a526,Chantier Sud,0,0,0,20,6,stormy,commercial,high,1,THEFT,MEDIUM
2026-04-14T20:20:21.321Z,69f09b50e12798f23bf60dce,brique,69ec5d482dbc5c87161f8072,Chantier Sud,0,0,0,21,2,snowy,industrial,medium,0,NONE,NONE
2026-04-30T15:20:21.321Z,69f09b50e12798f23bf60dce,brique,69ec5d482dbc5c87161f8072,Chantier Nord,12,13,8.33,16,4,windy,industrial,medium,0,NONE,NONE
2026-04-17T00:20:21.321Z,69f07a63c9b44023facc9bbe,Ciment Portland,69efe130d39de32596f603bf,Chantier Nord,0,0,0,1,5,rainy,commercial,medium,0,NONE,NONE
2026-04-02T17:20:21.321Z,69f031bcc67db8b9022c9624,Ciment Portland,69efdc2dd39de32596f6036a,Chantier Ouest,2,1,-50.00,18,4,windy,industrial,low,0,NONE,NONE
2026-04-26T13:20:21.321Z,69f031bcc67db8b9022c9624,Ciment Portland,69efdc2dd39de32596f6036a,Chantier Est,24,23,-4.17,14,0,stormy,residential,medium,0,NONE,NONE
2026-04-06T10:20:21.321Z,69f09b50e12798f23bf60dce,brique,69ec5d482dbc5c87161f8072,Chantier Centre,3,2,-33.33,11,1,sunny,commercial,low,0,NONE,NONE
2026-04-08T20:20:21.321Z,69f09b50e12798f23bf60dce,brique,69ec5d482dbc5c87161f8072,Chantier Centre,0,0,0,21,3,windy,commercial,high,0,NONE,NONE
2026-04-24T05:20:21.321Z,69f1cffc279d04321079f0ca,tractorghij,69efc16263a6c9c6e982a526,Chantier Est,0,0,0,6,5,snowy,commercial,high,0,NONE,NONE
2026-04-21T20:20:21.321Z,69f022c79cb4e820b5bc9a9d,Peinture blanche,69efc16263a6c9c6e982a526,Chantier Nord,0,0,0,21,2,rainy,residential,medium,0,NONE,NONE
2026-04-20T20:20:21.321Z,69f1cffc279d04321079f0ca,tractorghij,69efc16263a6c9c6e982a526,Chantier Est,0,0,0,21,1,sunny,commercial,low,0,NONE,NONE
2026-04-17T19:20:21.321Z,69f022c79cb4e820b5bc9a9d,Peinture blanche,69efc16263a6c9c6e982a526,Chantier Est,0,0,0,20,5,sunny,residential,low,0,NONE,NONE
2026-04-21T14:20:21.321Z,69f022c79cb4e820b5bc9a9d,Peinture blanche,69efc16263a6c9c6e982a526,Chantier Sud,42,42,0.00,15,2,cloudy,commercial,high,0,NONE,NONE
2026-04-10T17:20:21.321Z,69f1cffc279d04321079f0ca,tractorghij,69efc16263a6c9c6e982a526,Chantier Sud,10,10,0.00,18,5,windy,residential,medium,0,NONE,NONE
2026-04-25T20:20:21.321Z,69f022c79cb4e820b5bc9a9d,Peinture blanche,69efc16263a6c9c6e982a526,Chantier Centre,0,0,0,21,6,cloudy,industrial,low,0,NONE,NONE
2026-04-30T00:20:21.321Z,69f022c79cb4e820b5bc9a9d,Peinture blanche,69efc16263a6c9c6e982a526,Chantier Nord,0,0,0,1,4,stormy,commercial,high,0,NONE,NONE
2026-04-27T13:20:21.321Z,69f07a63c9b44023facc9bbe,Ciment Portland,69efe130d39de32596f603bf,Chantier Centre,5,5,0.00,14,1,stormy,residential,low,0,NONE,NONE
2026-04-23T15:20:21.321Z,69f031bcc67db8b9022c9624,Ciment Portland,69efdc2dd39de32596f6036a,Chantier Sud,23,34,47.83,16,4,cloudy,residential,medium,1,WASTE,MEDIUM
2026-04-24T18:20:21.321Z,69f1cffc279d04321079f0ca,tractorghij,69efc16263a6c9c6e982a526,Chantier Est,0,0,0,19,5,stormy,residential,medium,1,THEFT,MEDIUM
2026-04-09T02:20:21.321Z,69f031bcc67db8b9022c9624,Ciment Portland,69efdc2dd39de32596f6036a,Chantier Sud,0,0,0,3,4,sunny,industrial,low,0,NONE,NONE
2026-04-06T17:20:21.321Z,69f1cffc279d04321079f0ca,tractorghij,69efc16263a6c9c6e982a526,Chantier Est,21,28,33.33,18,1,snowy,commercial,medium,1,OVER_CONSUMPTION,LOW
2026-04-11T15:20:21.321Z,69f09b50e12798f23bf60dce,brique,69ec5d482dbc5c87161f8072,Chantier Est,4,3,-25.00,16,6,sunny,commercial,low,0,NONE,NONE
2026-04-17T16:20:21.321Z,69f09b50e12798f23bf60dce,brique,69ec5d482dbc5c87161f8072,Chantier Nord,38,40,5.26,17,5,rainy,industrial,high,0,NONE,NONE
2026-04-15T10:20:21.321Z,69f09b50e12798f23bf60dce,brique,69ec5d482dbc5c87161f8072,Chantier Est,47,47,0.00,11,3,rainy,residential,high,0,NONE,NONE
2026-04-05T17:20:21.321Z,69f031bcc67db8b9022c9624,Ciment Portland,69efdc2dd39de32596f6036a,Chantier Centre,36,35,-2.78,18,0,cloudy,industrial,high,0,NONE,NONE
2026-04-14T22:20:21.321Z,69f1cffc279d04321079f0ca,tractorghij,69efc16263a6c9c6e982a526,Chantier Est,0,0,0,23,2,stormy,commercial,medium,0,NONE,NONE
2026-04-24T16:20:21.321Z,69f07a63c9b44023facc9bbe,Ciment Portland,69efe130d39de32596f603bf,Chantier Est,19,17,-10.53,17,5,cloudy,residential,medium,0,NONE,NONE
2026-04-13T23:20:21.321Z,69f07a63c9b44023facc9bbe,Ciment Portland,69efe130d39de32596f603bf,Chantier Ouest,0,0,0,0,2,stormy,residential,medium,0,NONE,NONE
2026-04-29T06:20:21.321Z,69f031bcc67db8b9022c9624,Ciment Portland,69efdc2dd39de32596f6036a,Chantier Centre,44,101,129.55,7,3,snowy,industrial,high,1,THEFT,MEDIUM
2026-04-27T03:20:21.321Z,69f031bcc67db8b9022c9624,Ciment Portland,69efdc2dd39de32596f6036a,Chantier Nord,0,0,0,4,1,stormy,commercial,medium,1,OVER_CONSUMPTION,LOW
2026-04-03T09:20:21.321Z,69f031bcc67db8b9022c9624,Ciment Portland,69efdc2dd39de32596f6036a,Chantier Sud,2,1,-50.00,10,5,cloudy,industrial,low,0,NONE,NONE
2026-04-04T21:20:21.321Z,69f09b50e12798f23bf60dce,brique,69ec5d482dbc5c87161f8072,Chantier Est,0,0,0,22,6,windy,industrial,medium,0,NONE,NONE
2026-04-11T08:20:21.321Z,69f022c79cb4e820b5bc9a9d,Peinture blanche,69efc16263a6c9c6e982a526,Chantier Ouest,20,20,0.00,9,6,sunny,residential,high,0,NONE,NONE
2026-04-15T13:20:21.321Z,69f07a63c9b44023facc9bbe,Ciment Portland,69efe130d39de32596f603bf,Chantier Nord,27,28,3.70,14,3,rainy,industrial,high,0,NONE,NONE
2026-04-05T22:20:21.321Z,69f022c79cb4e820b5bc9a9d,Peinture blanche,69efc16263a6c9c6e982a526,Chantier Nord,0,0,0,23,0,cloudy,industrial,high,0,NONE,NONE
2026-04-08T11:20:21.321Z,69f09b50e12798f23bf60dce,brique,69ec5d482dbc5c87161f8072,Chantier Sud,12,13,8.33,12,3,stormy,industrial,medium,0,NONE,NONE
2026-04-05T06:20:21.321Z,69f022c79cb4e820b5bc9a9d,Peinture blanche,69efc16263a6c9c6e982a526,Chantier Centre,12,12,0.00,7,0,snowy,residential,medium,0,NONE,NONE
2026-04-07T09:20:21.321Z,69f031bcc67db8b9022c9624,Ciment Portland,69efdc2dd39de32596f6036a,Chantier Nord,49,50,2.04,10,2,cloudy,commercial,high,0,NONE,NONE
2026-04-26T13:20:21.321Z,69f07a63c9b44023facc9bbe,Ciment Portland,69efe130d39de32596f603bf,Chantier Nord,4,4,0.00,14,0,windy,residential,low,0,NONE,NONE
2026-04-22T12:20:21.321Z,69f1cffc279d04321079f0ca,tractorghij,69efc16263a6c9c6e982a526,Chantier Est,4,3,-25.00,13,3,stormy,residential,low,0,NONE,NONE
2026-04-17T10:20:21.321Z,69f031bcc67db8b9022c9624,Ciment Portland,69efdc2dd39de32596f6036a,Chantier Est,6,10,66.67,11,5,rainy,industrial,low,1,WASTE,MEDIUM
2026-04-01T14:20:21.321Z,69f031bcc67db8b9022c9624,Ciment Portland,69efdc2dd39de32596f6036a,Chantier Nord,4,10,150.00,15,3,sunny,industrial,low,1,THEFT,MEDIUM
2026-04-06T23:20:21.321Z,69f09b50e12798f23bf60dce,brique,69ec5d482dbc5c87161f8072,Chantier Sud,0,0,0,0,2,stormy,industrial,high,0,NONE,NONE
2026-04-27T13:20:21.321Z,69f031bcc67db8b9022c9624,Ciment Portland,69efdc2dd39de32596f6036a,Chantier Centre,3,2,-33.33,14,1,snowy,commercial,low,0,NONE,NONE
2026-04-07T02:20:21.321Z,69f022c79cb4e820b5bc9a9d,Peinture blanche,69efc16263a6c9c6e982a526,Chantier Est,0,0,0,3,2,cloudy,residential,medium,1,WASTE,MEDIUM
2026-04-01T02:20:21.321Z,69f022c79cb4e820b5bc9a9d,Peinture blanche,69efc16263a6c9c6e982a526,Chantier Centre,0,0,0,3,3,stormy,industrial,medium,1,THEFT,MEDIUM
2026-04-06T16:20:21.321Z,69f09b50e12798f23bf60dce,brique,69ec5d482dbc5c87161f8072,Chantier Nord,5,5,0.00,17,1,rainy,residential,low,0,NONE,NONE
2026-04-18T05:20:21.321Z,69f07a63c9b44023facc9bbe,Ciment Portland,69efe130d39de32596f603bf,Chantier Sud,0,0,0,6,6,windy,commercial,medium,0,NONE,NONE
2026-04-16T03:20:21.321Z,69f031bcc67db8b9022c9624,Ciment Portland,69efdc2dd39de32596f6036a,Chantier Nord,0,0,0,4,4,snowy,commercial,medium,0,NONE,NONE
2026-04-01T11:20:21.321Z,69f09b50e12798f23bf60dce,brique,69ec5d482dbc5c87161f8072,Chantier Nord,28,28,0.00,12,3,windy,industrial,high,0,NONE,NONE
2026-04-27T07:20:21.321Z,69f09b50e12798f23bf60dce,brique,69ec5d482dbc5c87161f8072,Chantier Centre,33,47,42.42,8,1,rainy,residential,high,1,OVER_CONSUMPTION,LOW
2026-04-25T11:20:21.321Z,69f09b50e12798f23bf60dce,brique,69ec5d482dbc5c87161f8072,Chantier Nord,4,3,-25.00,12,6,windy,industrial,low,0,NONE,NONE
2026-04-25T18:20:21.321Z,69f09b50e12798f23bf60dce,brique,69ec5d482dbc5c87161f8072,Chantier Ouest,0,0,0,19,6,sunny,residential,medium,0,NONE,NONE
2026-04-28T02:20:21.321Z,69f1cffc279d04321079f0ca,tractorghij,69efc16263a6c9c6e982a526,Chantier Nord,0,0,0,3,2,snowy,residential,medium,0,NONE,NONE
2026-04-26T03:20:21.321Z,69f07a63c9b44023facc9bbe,Ciment Portland,69efe130d39de32596f603bf,Chantier Sud,0,0,0,4,0,sunny,residential,high,0,NONE,NONE
2026-04-11T16:20:21.321Z,69f031bcc67db8b9022c9624,Ciment Portland,69efdc2dd39de32596f6036a,Chantier Est,4,3,-25.00,17,6,sunny,industrial,low,0,NONE,NONE
2026-04-29T11:20:21.321Z,69f07a63c9b44023facc9bbe,Ciment Portland,69efe130d39de32596f603bf,Chantier Est,5,5,0.00,12,3,snowy,industrial,low,0,NONE,NONE
2026-04-14T11:20:21.321Z,69f022c79cb4e820b5bc9a9d,Peinture blanche,69efc16263a6c9c6e982a526,Chantier Nord,12,22,83.33,12,2,windy,industrial,medium,1,WASTE,MEDIUM
2026-04-20T10:20:21.321Z,69f07a63c9b44023facc9bbe,Ciment Portland,69efe130d39de32596f603bf,Chantier Centre,38,38,0.00,11,1,windy,commercial,high,0,NONE,NONE
2026-04-26T19:20:21.321Z,69f031bcc67db8b9022c9624,Ciment Portland,69efdc2dd39de32596f6036a,Chantier Centre,0,0,0,20,0,stormy,industrial,medium,0,NONE,NONE
2026-04-10T21:20:21.321Z,69f07a63c9b44023facc9bbe,Ciment Portland,69efe130d39de32596f603bf,Chantier Sud,0,0,0,22,5,sunny,industrial,high,1,WASTE,MEDIUM
2026-04-05T01:20:21.321Z,69f07a63c9b44023facc9bbe,Ciment Portland,69efe130d39de32596f603bf,Chantier Sud,0,0,0,2,0,snowy,commercial,low,0,NONE,NONE
2026-04-04T15:20:21.321Z,69f031bcc67db8b9022c9624,Ciment Portland,69efdc2dd39de32596f6036a,Chantier Centre,19,18,-5.26,16,6,cloudy,residential,medium,0,NONE,NONE
2026-04-01T02:20:21.321Z,69f09b50e12798f23bf60dce,brique,69ec5d482dbc5c87161f8072,Chantier Nord,0,0,0,3,3,rainy,industrial,low,0,NONE,NONE
2026-04-03T09:20:21.321Z,69f07a63c9b44023facc9bbe,Ciment Portland,69efe130d39de32596f603bf,Chantier Nord,2,2,0.00,10,5,stormy,residential,low,0,NONE,NONE
2026-04-07T16:20:21.321Z,69f09b50e12798f23bf60dce,brique,69ec5d482dbc5c87161f8072,Chantier Ouest,30,32,6.67,17,2,sunny,industrial,high,0,NONE,NONE
2026-04-26T20:20:21.321Z,69f022c79cb4e820b5bc9a9d,Peinture blanche,69efc16263a6c9c6e982a526,Chantier Est,0,0,0,21,0,windy,commercial,medium,0,NONE,NONE
2026-04-16T07:20:21.321Z,69f022c79cb4e820b5bc9a9d,Peinture blanche,69efc16263a6c9c6e982a526,Chantier Nord,21,21,0.00,8,4,cloudy,commercial,medium,0,NONE,NONE
2026-04-20T22:20:21.321Z,69f09b50e12798f23bf60dce,brique,69ec5d482dbc5c87161f8072,Chantier Ouest,0,0,0,23,1,rainy,residential,low,0,NONE,NONE
2026-04-02T22:20:21.321Z,69f1cffc279d04321079f0ca,tractorghij,69efc16263a6c9c6e982a526,Chantier Centre,0,0,0,23,4,sunny,commercial,high,0,NONE,NONE
2026-04-13T11:20:21.321Z,69f022c79cb4e820b5bc9a9d,Peinture blanche,69efc16263a6c9c6e982a526,Chantier Nord,26,26,0.00,12,1,snowy,commercial,high,0,NONE,NONE
2026-04-22T23:20:21.321Z,69f09b50e12798f23bf60dce,brique,69ec5d482dbc5c87161f8072,Chantier Sud,0,0,0,0,4,snowy,industrial,high,0,NONE,NONE
2026-04-21T17:20:21.321Z,69f031bcc67db8b9022c9624,Ciment Portland,69efdc2dd39de32596f6036a,Chantier Centre,36,38,5.56,18,2,stormy,industrial,high,0,NONE,NONE
2026-04-13T05:20:21.321Z,69f09b50e12798f23bf60dce,brique,69ec5d482dbc5c87161f8072,Chantier Nord,0,0,0,6,1,cloudy,industrial,high,0,NONE,NONE
2026-04-28T03:20:21.321Z,69f1cffc279d04321079f0ca,tractorghij,69efc16263a6c9c6e982a526,Chantier Nord,0,0,0,4,2,snowy,residential,medium,0,NONE,NONE
2026-04-02T09:20:21.321Z,69f07a63c9b44023facc9bbe,Ciment Portland,69efe130d39de32596f603bf,Chantier Est,20,19,-5.00,10,4,stormy,industrial,medium,0,NONE,NONE
2026-04-02T20:20:21.321Z,69f1cffc279d04321079f0ca,tractorghij,69efc16263a6c9c6e982a526,Chantier Sud,0,0,0,21,4,stormy,industrial,low,0,NONE,NONE
2026-04-18T11:20:21.321Z,69f031bcc67db8b9022c9624,Ciment Portland,69efdc2dd39de32596f6036a,Chantier Nord,21,20,-4.76,12,6,cloudy,commercial,high,0,NONE,NONE
2026-04-01T02:20:21.321Z,69f09b50e12798f23bf60dce,brique,69ec5d482dbc5c87161f8072,Chantier Ouest,0,0,0,3,3,rainy,industrial,medium,0,NONE,NONE
2026-04-01T11:20:21.321Z,69f07a63c9b44023facc9bbe,Ciment Portland,69efe130d39de32596f603bf,Chantier Ouest,38,40,5.26,12,3,rainy,residential,high,0,NONE,NONE
2026-04-29T12:20:21.321Z,69f031bcc67db8b9022c9624,Ciment Portland,69efdc2dd39de32596f6036a,Chantier Est,3,2,-33.33,13,3,snowy,residential,low,0,NONE,NONE
2026-04-05T18:20:21.321Z,69f07a63c9b44023facc9bbe,Ciment Portland,69efe130d39de32596f603bf,Chantier Ouest,0,0,0,19,0,cloudy,industrial,low,0,NONE,NONE
2026-04-01T22:20:21.321Z,69f07a63c9b44023facc9bbe,Ciment Portland,69efe130d39de32596f603bf,Chantier Sud,0,0,0,23,3,sunny,industrial,high,0,NONE,NONE
2026-04-07T05:20:21.321Z,69f07a63c9b44023facc9bbe,Ciment Portland,69efe130d39de32596f603bf,Chantier Centre,0,0,0,6,2,windy,residential,medium,0,NONE,NONE
2026-04-07T10:20:21.321Z,69f031bcc67db8b9022c9624,Ciment Portland,69efdc2dd39de32596f6036a,Chantier Ouest,21,19,-9.52,11,2,stormy,commercial,medium,0,NONE,NONE
2026-04-12T07:20:21.321Z,69f09b50e12798f23bf60dce,brique,69ec5d482dbc5c87161f8072,Chantier Sud,3,4,33.33,8,0,sunny,residential,low,1,OVER_CONSUMPTION,LOW
2026-04-06T16:20:21.321Z,69f031bcc67db8b9022c9624,Ciment Portland,69efdc2dd39de32596f6036a,Chantier Est,14,15,7.14,17,1,sunny,industrial,medium,0,NONE,NONE
2026-04-10T04:20:21.321Z,69f07a63c9b44023facc9bbe,Ciment Portland,69efe130d39de32596f603bf,Chantier Est,0,0,0,5,5,cloudy,residential,low,0,NONE,NONE
2026-04-18T07:20:21.321Z,69f09b50e12798f23bf60dce,brique,69ec5d482dbc5c87161f8072,Chantier Est,6,10,66.67,8,6,windy,residential,low,1,WASTE,MEDIUM
2026-04-24T13:20:21.321Z,69f022c79cb4e820b5bc9a9d,Peinture blanche,69efc16263a6c9c6e982a526,Chantier Nord,23,40,73.91,14,5,snowy,commercial,medium,1,WASTE,MEDIUM
2026-04-27T11:20:21.321Z,69f07a63c9b44023facc9bbe,Ciment Portland,69efe130d39de32596f603bf,Chantier Nord,2,1,-50.00,12,1,windy,industrial,low,0,NONE,NONE
2026-04-11T04:20:21.321Z,69f07a63c9b44023facc9bbe,Ciment Portland,69efe130d39de32596f603bf,Chantier Nord,0,0,0,5,6,cloudy,commercial,medium,0,NONE,NONE
2026-04-08T08:20:21.321Z,69f07a63c9b44023facc9bbe,Ciment Portland,69efe130d39de32596f603bf,Chantier Ouest,23,23,0.00,9,3,sunny,commercial,medium,0,NONE,NONE
2026-04-15T17:20:21.321Z,69f07a63c9b44023facc9bbe,Ciment Portland,69efe130d39de32596f603bf,Chantier Centre,47,49,4.26,18,3,stormy,residential,high,0,NONE,NONE
2026-04-22T19:20:21.321Z,69f031bcc67db8b9022c9624,Ciment Portland,69efdc2dd39de32596f6036a,Chantier Est,0,0,0,20,3,rainy,residential,low,0,NONE,NONE
2026-04-13T16:20:21.321Z,69f09b50e12798f23bf60dce,brique,69ec5d482dbc5c87161f8072,Chantier Nord,3,3,0.00,17,1,windy,industrial,low,0,NONE,NONE
2026-04-27T17:20:21.321Z,69f1cffc279d04321079f0ca,tractorghij,69efc16263a6c9c6e982a526,Chantier Centre,13,11,-15.38,18,1,rainy,residential,medium,0,NONE,NONE
2026-04-15T16:20:21.321Z,69f031bcc67db8b9022c9624,Ciment Portland,69efdc2dd39de32596f6036a,Chantier Sud,12,12,0.00,17,3,rainy,industrial,medium,0,NONE,NONE
2026-04-02T19:20:21.321Z,69f09b50e12798f23bf60dce,brique,69ec5d482dbc5c87161f8072,Chantier Sud,0,0,0,20,4,windy,residential,low,0,NONE,NONE
2026-04-20T18:20:21.321Z,69f031bcc67db8b9022c9624,Ciment Portland,69efdc2dd39de32596f6036a,Chantier Nord,0,0,0,19,1,snowy,commercial,low,0,NONE,NONE
2026-04-21T01:20:21.321Z,69f031bcc67db8b9022c9624,Ciment Portland,69efdc2dd39de32596f6036a,Chantier Ouest,0,0,0,2,2,windy,residential,high,0,NONE,NONE
2026-04-28T06:20:21.321Z,69f022c79cb4e820b5bc9a9d,Peinture blanche,69efc16263a6c9c6e982a526,Chantier Centre,22,22,0.00,7,2,windy,residential,medium,0,NONE,NONE
2026-04-17T18:20:21.321Z,69f1cffc279d04321079f0ca,tractorghij,69efc16263a6c9c6e982a526,Chantier Sud,0,0,0,19,5,cloudy,residential,low,0,NONE,NONE
2026-04-07T01:20:21.321Z,69f031bcc67db8b9022c9624,Ciment Portland,69efdc2dd39de32596f6036a,Chantier Est,0,0,0,2,2,rainy,residential,high,0,NONE,NONE
2026-04-12T15:20:21.321Z,69f09b50e12798f23bf60dce,brique,69ec5d482dbc5c87161f8072,Chantier Centre,6,6,0.00,16,0,windy,commercial,low,0,NONE,NONE
2026-04-09T00:20:21.321Z,69f07a63c9b44023facc9bbe,Ciment Portland,69efe130d39de32596f603bf,Chantier Nord,0,0,0,1,4,snowy,industrial,low,1,WASTE,MEDIUM
2026-04-13T16:20:21.321Z,69f1cffc279d04321079f0ca,tractorghij,69efc16263a6c9c6e982a526,Chantier Nord,19,18,-5.26,17,1,stormy,commercial,medium,0,NONE,NONE
2026-04-21T23:20:21.321Z,69f09b50e12798f23bf60dce,brique,69ec5d482dbc5c87161f8072,Chantier Sud,0,0,0,0,3,sunny,commercial,low,0,NONE,NONE
2026-04-21T12:20:21.321Z,69f031bcc67db8b9022c9624,Ciment Portland,69efdc2dd39de32596f6036a,Chantier Ouest,45,46,2.22,13,2,stormy,residential,high,0,NONE,NONE
2026-04-16T03:20:21.321Z,69f1cffc279d04321079f0ca,tractorghij,69efc16263a6c9c6e982a526,Chantier Centre,0,0,0,4,4,snowy,industrial,medium,0,NONE,NONE
2026-04-09T11:20:21.321Z,69f022c79cb4e820b5bc9a9d,Peinture blanche,69efc16263a6c9c6e982a526,Chantier Ouest,41,41,0.00,12,4,windy,industrial,high,0,NONE,NONE